step,FS4C,FS4A,FB8H,FS4B,FB8E,FB7L,FB8F_b,FB7M,FB7I,FB7G,FB1D,FB8A,FB7K,FB9A,FB1E_b,FB9C_b,FB9B_e,FB1B,FB8I,FB8G,FB8F_a,FB7A,FB5G,FB6T,FB7F,FB6U,FB8D,FB9B_c,FB6Z,FB6G,FB7E,FB6S,FB6Q,FB6M,FB5H,FC2B,PEN_b(PEN2),EPG,FB1A,FB2G_b,PFNv,FB1E_a,FB6A,FB6X,FB6E,FB5I,FB7C,PFNd,FB9C_a,FB6I,FB2F_a,FB6Y,PFNa,FB8C,FB1G,FB4E,FB5C,FB5B,PEN_a(PEN1),FB6F,FS3,FB2L,FB1H,FB6K,FB2F_b,FB4X,FB6W,PFNp_a,PFNp_b,FB2I_a,FB6R,FB6B,FB1C,FB5Y,FB2E,FB5Q,FB2F_c,FB4F_a,FB5A,PFNm_a,PFNp_c,FC2C,PFNm_b,FC1D,FB2D,FB5Z,FB2C,FB2J,FS1B,FB8B,FB4N,FB5P,FB2B_b,PFNp_e,EL,FS2,FB5X,FB5F,FB2I_b,FB2H_b,Delta7,PFNp_d,FC3,FB2M,FB6C_b,FB5J,FB5W,FB4O,FB5E,FC1F,FB5T,PEG,FB4A,FB4D,FB4Q_a,FB6N,FB4P_b,FB5V,FS1A,FB1J,FB7J,FB9B_d,FB9B_b,FB9B_a,FB5D,FB4P_a,FC1E,FB6J,FB6P,FB7H,FB6V,FB6H,FB6L,FB7D,FB1I,FB2K,FB4K,FC1C,FB5AB,FB6D,FB6C_a,FB6O,FB4Z,FB5S,FB7B,FB5K,FB4H,FB5L,FB5U,FB5R,FB2G_a,FB4G,FB5N,FB4Y,FC2A,FB5O,FB5AA,FC1A,FB5M,FB3C,FB4M,FB4B,ER2_c,ER2_a,FB4J,FB4I,FB4Q_b,FB3A,FB4L,FB4C,FB4R,FB4F_b,FC1B,FB3E,ER4d,ER2_d,ER4m,ER3w_b,EPGt,ER2_b,ER3a_c,ER3p_a,ER3w_a,ER5,FB2A,ER3a_b,FB1F,FB2B_a,ER6,ER3p_b,ER3d_c,ER3d_a,ER3d_d,ER3d_b,ER3a_a,ER3a_d,ER3m,ER1_b,ER1_a,FB3D,FB3B,FB2H_a
0,0.0,0.0,0.0,0.0,0.0,0.0,0.0,0.0,0.0,0.0,0.0,0.0,0.0,0.0,0.0,0.0,0.0,0.0,0.0,0.0,0.0,0.0,0.0,0.0,0.0,0.0,0.0,0.0,0.0,0.0,0.0,0.0,0.0,0.0,0.0,0.0,0.0,1.0,0.0,0.0,0.0,0.0,0.0,0.0,0.0,0.0,0.0,0.0,0.0,0.0,0.0,0.0,0.0,0.0,0.0,0.0,0.0,0.0,0.0,0.0,0.0,0.0,0.0,0.0,0.0,0.0,0.0,0.0,0.0,0.0,0.0,0.0,0.0,0.0,0.0,0.0,0.0,0.0,0.0,0.0,0.0,0.0,0.0,0.0,0.0,0.0,0.0,0.0,0.0,0.0,0.0,0.0,0.0,0.0,0.0,0.0,0.0,0.0,0.0,0.0,0.0,0.0,0.0,0.0,0.0,0.0,0.0,0.0,0.0,0.0,0.0,0.0,0.0,0.0,0.0,0.0,0.0,0.0,0.0,0.0,0.0,0.0,0.0,0.0,0.0,0.0,0.0,0.0,0.0,0.0,0.0,0.0,0.0,0.0,0.0,0.0,0.0,0.0,0.0,0.0,0.0,0.0,0.0,0.0,0.0,0.0,0.0,0.0,0.0,0.0,0.0,0.0,0.0,0.0,0.0,0.0,0.0,0.0,0.0,0.0,0.0,0.0,0.0,0.0,0.0,0.0,0.0,0.0,0.0,0.0,0.0,0.0,0.0,0.0,0.0,0.0,0.0,0.0,1.0,0.0,0.0,0.0,0.0,0.0,0.0,0.0,0.0,0.0,0.0,0.0,0.0,0.0,0.0,0.0,0.0,0.0,0.0,0.0,0.0,0.0,0.0,0.0
1,0.0,3.5754013e-06,3.4562214e-05,1.6814049e-05,0.0,0.0,0.0,0.0,0.0,0.0,0.0,0.0,0.0,0.0,0.0,0.0,0.0,0.0,0.0,0.0,0.0,0.0,2.592166e-05,0.0,0.0,0.0,0.0,0.0,0.0,0.0,0.0,0.0,0.0,0.0,0.0,2.5136154e-05,0.05058023,1.0360606,0.0,0.0,0.011571428,0.0,0.0,0.00010368664,0.0,0.0,0.0,0.015485598,0.0,0.0,0.0,0.0,0.0045014303,0.0,0.001140553,7.540846e-05,0.0,0.0,0.054881334,0.00010368664,9.426058e-06,0.0,0.0003110599,0.0,0.0,0.0,0.0,0.00096082943,0.0008908035,2.3041475e-05,0.0,0.0,0.002592166,5.184332e-05,0.0,0.0,5.184332e-05,4.608295e-05,0.0,0.0027197797,0.0035659191,5.6046833e-06,0.0013709678,2.0737327e-05,6.912443e-05,5.184332e-05,0.0,0.0,1.7281107e-05,0.0,0.0,0.0,0.0,0.003140224,0.112891704,0.0,0.0,0.0,0.0,0.0,0.087383136,7.540846e-05,1.4812376e-05,0.0,0.0,0.00010368664,2.592166e-05,5.184332e-05,0.0,0.0,0.00010368664,0.07063364,0.0,3.4562214e-05,0.0,0.0,0.0,1.1520738e-05,2.3565144e-05,0.0,0.0,0.0,0.0,0.0,0.0,0.0,0.0,2.592166e-05,0.0055990783,0.00010368664,0.0,0.0,0.0,0.0,0.0,0.0,5.184332e-05,6.2840386e-06,0.0,0.0,0.0,0.0,3.888249e-05,0.0,0.0,0.00010368664,0.00010368664,0.0,0.0,3.4562214e-05,0.0,0.00010368664,0.00051843317,0.04842166,1.1520738e-05,0.0,0.0,0.0,0.0003110599,0.0042857137,0.00036290323,0.0,0.016629359,0.013571428,0.0,0.0,0.0,0.0003110599,0.0,0.0,0.0,0.0,2.3041475e-05,0.0012442396,0.0124589875,0.013963134,0.04570507,0.0037327188,1.0060657,0.00967742,0.0023847925,0.0019182027,0.0050230417,0.0004147465,5.184332e-05,0.0003110599,0.0,0.00010368664,0.09067396,0.0010714285,0.00015552995,0.00024193549,0.00033179723,0.0006221198,5.184332e-05,3.4562214e-05,0.00026497696,0.013331139,0.010044642,0.00010368664,0.01296083,0.0
2,1.88813e-05,1.8409442e-05,5.5913533e-05,3.0187028e-05,6.8805875e-08,4.9454225e-06,9.138281e-08,4.5153857e-07,1.135297e-06,1.0750918e-07,7.353627e-05,5.0314293e-06,3.440294e-07,0.0,2.6984806e-05,0.0,0.0,7.877198e-05,2.601722e-06,1.9351653e-07,6.450551e-08,2.723566e-07,7.645097e-05,2.365202e-07,0.0,4.956173e-06,6.0205144e-07,0.0,1.2471064e-06,2.10718e-06,5.246448e-06,2.1860199e-06,1.0965936e-06,0.00013368767,0.001181741,0.00014735256,0.066030554,1.0558136,2.5017387e-05,1.9792442e-05,0.016491275,2.1867367e-05,3.9921742e-06,0.00012404888,7.667554e-05,3.936986e-05,7.3106247e-07,0.020053454,8.600735e-08,2.236191e-06,3.1915893e-05,6.880587e-07,0.007911185,1.7308979e-06,0.0014578772,0.00016686163,0.00013883735,8.787084e-06,0.06338522,0.00013080046,5.0544735e-05,3.5951074e-05,0.001856526,1.6427402e-05,6.677754e-05,0.0001793468,9.288794e-06,0.0015545333,0.0013515687,9.453748e-05,1.1037608e-06,9.389135e-06,0.0046101995,0.000102168364,0.00010047808,0.00013090318,0.00012817484,0.0009766489,0.0003419652,0.0040686065,0.0047806194,6.357713e-05,0.0024699434,0.00012968498,0.00031443886,9.298709e-05,3.372921e-05,4.4044362e-05,6.230416e-05,1.0750918e-07,0.0024203542,0.00017197167,8.158871e-05,0.0042406325,0.13084339,7.4787415e-05,0.00013260181,0.00016401602,0.000100865116,7.26117e-05,0.10118888,0.00025623105,0.00017685532,1.9043462e-05,3.070462e-06,0.00015870982,0.00019207173,0.00013578648,0.00048308173,0.00021345507,0.00022551604,0.0825342,6.0205144e-05,0.0004726478,8.974866e-05,5.5668253e-05,9.73296e-05,0.00024381226,9.87727e-05,4.79921e-05,1.8169053e-06,0.0,0.0,0.0,0.00040014915,0.0005721961,6.274021e-05,3.5570603e-05,0.006030749,0.00013155301,3.257528e-05,3.268279e-06,4.9031354e-05,2.8489935e-06,4.517536e-05,1.8405573e-05,0.00062828604,3.0714033e-05,0.00041982334,2.752235e-06,1.1826011e-06,5.6549827e-05,0.0006559314,9.751391e-05,5.5904775e-07,0.0010356623,0.0010313189,0.00016408051,0.0004203609,0.00048784236,3.5349018e-05,0.0009211219,0.0012412174,0.06096822,0.0002462181,0.00015186745,4.9368216e-05,0.00018557429,0.0024552876,0.0046608066,0.0025433076,0.00097480725,0.024857365,0.021234889,0.0006096846,0.00038989278,6.1828534e-05,0.003087678,0.0004389815,0.0016691231,9.298469e-05,0.00029107038,0.0002764908,0.0016218334,0.02421104,0.021388585,0.0587628,0.006886397,1.0127854,0.016669622,0.0065997653,0.0097113205,0.01011783,0.0023968634,0.00029836188,0.0026369889,7.0289505e-05,0.00014195991,0.10297101,0.011000718,0.0029874544,0.003820615,0.0021026628,0.0053346516,0.00082083856,0.0012318991,0.0016065458,0.016951513,0.013770926,0.0002553391,0.015377592,6.7515764e-05
3,3.145171e-05,2.4244184e-05,6.084861e-05,3.7998063e-05,1.947022e-07,7.0599312e-06,3.2979383e-07,1.6044957e-06,2.858334e-06,6.024099e-07,0.000104836625,6.153615e-06,1.0850729e-06,2.4827187e-08,4.3782456e-05,2.2049292e-08,4.0932754e-08,0.00012607475,3.968856e-06,6.712556e-07,2.2793667e-07,7.435827e-07,0.00010211465,2.2324582e-06,1.6659365e-07,1.1291758e-05,1.4425776e-06,1.633966e-08,3.7027464e-06,4.1177586e-06,8.327051e-06,3.927694e-06,5.8765186e-06,0.00015841145,0.0015473099,0.0002383655,0.06955855,1.0619816,4.623667e-05,4.4385688e-05,0.017681,4.214306e-05,8.2980505e-06,0.00013786071,9.15853e-05,5.659501e-05,2.0201203e-06,0.021162944,2.1959842e-07,4.272689e-06,6.648148e-05,1.7487389e-06,0.00863347,2.8182242e-06,0.001645874,0.00023000092,0.00020799504,1.76575e-05,0.06576139,0.00013698156,6.713731e-05,7.5924356e-05,0.002585787,2.4957722e-05,0.000130633,0.00030502857,2.0192481e-05,0.0016736017,0.0014518261,0.00016616027,2.5218003e-06,1.33513795e-05,0.0052079167,0.00012588759,0.00018686132,0.00017987686,0.00016352846,0.001284456,0.00051824696,0.0043760855,0.0050538476,0.00010338214,0.0027063442,0.00022207266,0.00054480636,0.00011058106,7.326993e-05,8.275022e-05,9.096601e-05,7.1330953e-07,0.0032102875,0.00022570079,0.00015133603,0.0044773687,0.13766295,0.000106381456,0.00019570865,0.00022956454,0.00018337717,0.00013504947,0.10462109,0.0002991616,0.0002495366,4.9797498e-05,4.6212926e-06,0.00020977456,0.0002590343,0.00018730707,0.0006628898,0.00036254674,0.00026695005,0.08533111,0.00012227954,0.00065826374,0.0001624968,7.891293e-05,0.0001627879,0.00031616964,0.00014393256,6.630135e-05,7.1315935e-06,1.8595866e-08,2.244316e-09,7.825156e-08,0.00054592465,0.0007854949,0.00011608751,4.207564e-05,0.0062240823,0.0001433235,5.4806864e-05,1.0929416e-05,6.884539e-05,6.6604307e-06,6.71966e-05,4.36367e-05,0.000850434,5.5110042e-05,0.0005317165,4.822933e-06,2.1124968e-06,7.482867e-05,0.00085086084,0.0001386192,2.4452852e-06,0.0013411269,0.0013154554,0.00023103185,0.0005584812,0.00064575224,8.6176195e-05,0.0012341291,0.0014754062,0.064160086,0.0004028253,0.00022994842,8.646646e-05,0.00033382478,0.0030561285,0.0048410487,0.0035058754,0.0014593513,0.027754145,0.023833936,0.0008290537,0.0005414422,0.00012702608,0.00403968,0.00070864626,0.0024006567,0.00014176054,0.00041497825,0.00047645997,0.0017861957,0.029060148,0.02382113,0.062905125,0.007965357,1.0139706,0.018848525,0.0076161465,0.011628468,0.011744652,0.0029295662,0.0004977229,0.0032584658,0.000114305585,0.00021362238,0.10634969,0.01335138,0.003932661,0.0050160047,0.0027884238,0.006629533,0.0010943509,0.0016071893,0.002085962,0.017817764,0.014578158,0.00037149907,0.016035844,0.00012928889
4,3.679626e-05,2.6440692e-05,6.252358e-05,4.091734e-05,2.5543113e-07,7.854635e-06,4.1732864e-07,2.2855897e-06,3.7131672e-06,9.001843e-07,0.00011430724,6.556257e-06,1.4576619e-06,3.4839225e-08,5.0293707e-05,3.2622104e-08,5.3012727e-08,0.00014054785,4.4021335e-06,9.818764e-07,3.0418963e-07,1.0505606e-06,0.00011105453,3.111829e-06,2.577102e-07,1.38368405e-05,1.8882304e-06,2.1520645e-08,4.6355326e-06,5.2109544e-06,9.64888e-06,4.56429e-06,7.816003e-06,0.00016732448,0.001648427,0.00027075084,0.0705125,1.0638824,5.4551278e-05,5.7576784e-05,0.017990585,4.9951763e-05,1.00869e-05,0.00014337017,9.7310505e-05,6.362774e-05,2.7306653e-06,0.021470413,2.7814104e-07,5.4220736e-06,8.580339e-05,2.2513946e-06,0.00881315,3.150527e-06,0.0017201039,0.000252058,0.00022983164,2.0882151e-05,0.06642915,0.0001396042,7.265962e-05,9.489064e-05,0.0028179078,2.831816e-05,0.00015584327,0.00035662102,2.4795208e-05,0.0017041209,0.0014776712,0.00019918552,3.201804e-06,1.5178234e-05,0.0053649102,0.00013400416,0.00021897639,0.00019605104,0.00017730269,0.0013765353,0.0005849887,0.004454762,0.0051251445,0.00011735666,0.0027666462,0.00024970443,0.0006281529,0.000116490024,9.471675e-05,9.743949e-05,0.00010353606,1.0016455e-06,0.0034510363,0.00024079686,0.00018357908,0.0045396485,0.13976546,0.00011853472,0.00022047374,0.00025241176,0.00021031847,0.00016379444,0.10558291,0.00031026124,0.00027307507,6.668586e-05,5.3657086e-06,0.00023059486,0.00028123343,0.00020816718,0.0007189486,0.0004060156,0.00027855218,0.08612345,0.00014710624,0.0007226095,0.00019257459,8.545615e-05,0.00018855592,0.00033600157,0.00016124391,7.183597e-05,9.597182e-06,2.6501844e-08,5.0163167e-09,1.023668e-07,0.000589318,0.0008493572,0.00013504113,4.4765635e-05,0.006284025,0.00014671445,6.2543666e-05,1.4163614e-05,7.5084296e-05,8.472151e-06,7.413283e-05,5.8385573e-05,0.0009215067,6.832714e-05,0.0005699657,5.9144586e-06,2.6644625e-06,7.94543e-05,0.0009037031,0.00015116483,3.2764283e-06,0.0014243326,0.001393979,0.00025035383,0.00059718866,0.00068973465,0.000109139364,0.0013357094,0.0015409639,0.06511847,0.00045815908,0.00025517185,9.906177e-05,0.00037620316,0.0032141218,0.0049006734,0.0038004937,0.0016184362,0.028738828,0.024703376,0.00089337106,0.0005882381,0.00015757378,0.004300827,0.0008063274,0.0026389477,0.00016097096,0.0004546456,0.0005313053,0.0018418464,0.030977916,0.02462454,0.06421579,0.008331934,1.0142838,0.01956852,0.0079589,0.012263652,0.012288869,0.0031074097,0.0005652832,0.0034630569,0.00012733694,0.00026461013,0.10729276,0.014135409,0.0042690975,0.0054375124,0.003029814,0.007066873,0.001189988,0.0017336578,0.002252438,0.018085511,0.014834657,0.0004120955,0.016238425,0.00015481621
5,3.8573322e-05,2.7159233e-05,6.303845e-05,4.1874868e-05,2.7559415e-07,8.117278e-06,4.480417e-07,2.5491004e-06,4.0456857e-06,1.0232352e-06,0.00011707806,6.6834764e-06,1.5853557e-06,3.8368146e-08,5.2242558e-05,3.6854715e-08,5.6243746e-08,0.00014474698,4.537674e-06,1.1033233e-06,3.334639e-07,1.172914e-06,0.000113915594,3.430306e-06,2.9230483e-07,1.472899e-05,2.0625848e-06,2.2958124e-08,4.995719e-06,5.641606e-06,1.009613e-05,4.76905e-06,8.501442e-06,0.00017014667,0.0016792027,0.00028128838,0.0707921,0.06449147,5.7227917e-05,6.229765e-05,0.018077608,5.2378084e-05,1.0736665e-05,0.00014529996,9.924807e-05,6.595208e-05,2.9977728e-06,0.021559637,3.00554e-07,5.868199e-06,9.24936e-05,2.4396988e-06,0.0088632265,3.2675925e-06,0.0017439383,0.00025887185,0.000236547,2.1935404e-05,0.06662704,0.00014048722,7.438716e-05,0.00010125275,0.0028876667,2.9446099e-05,0.00016380538,0.00037329557,2.6288455e-05,0.001712769,0.0014849602,0.00021058472,3.4574862e-06,1.5812237e-05,0.0054089883,0.00013652866,0.00022932678,0.00020119798,0.00018174824,0.0014047123,0.00060664193,0.0044768145,0.005145464,0.000121900724,0.002783465,0.00025787234,0.00065372884,0.00011836171,0.00010190206,0.00010217356,0.000107813095,1.1107647e-06,0.003522422,0.00024539215,0.00019395913,0.00455754,0.14043954,0.00012251093,0.00022868231,0.0002597273,0.000218584,0.00017348168,0.105867185,0.0003133704,0.00028028953,7.2618575e-05,5.6458266e-06,0.00023748231,0.000288368,0.00021500778,0.00073627685,0.0004188855,0.0002820277,0.08635744,0.00015513018,0.0007421847,0.000202372,8.748419e-05,0.00019694334,0.00034189445,0.00016692576,7.348231e-05,1.0516323e-05,2.9231172e-08,6.240105e-09,1.0891152e-07,0.0006024317,0.0008686765,0.00014094882,4.5729652e-05,0.006302809,0.00014774033,6.509382e-05,1.5342466e-05,7.704013e-05,9.181327e-06,7.620991e-05,6.322966e-05,0.0009434344,7.296307e-05,0.0005817701,6.3216385e-06,2.8850582e-06,8.083401e-05,0.000919418,0.00015498999,3.576005e-06,0.001449073,0.0014176017,0.00025612407,0.0006088279,0.00070283044,0.00011677736,0.0013663786,0.001560656,0.06540363,0.00047611824,0.00026281673,0.00010305644,0.00038856544,0.0032615196,0.0049191,0.0038855923,0.0016650541,0.029061308,0.02498433,0.00091231166,0.0006024564,0.00016777024,0.004375606,0.0008361108,0.0027098665,0.00016699782,0.0004666633,0.00054720906,0.0018589117,0.031686284,0.024881758,0.064627305,0.008450472,0.014373818,0.019798042,0.008067001,0.012463466,0.01246326,0.0031638234,0.00058541266,0.0035280008,0.00013116497,0.0002807748,0.107574955,0.014381848,0.0043801926,0.0055765104,0.003109616,0.007206536,0.001221205,0.0017742902,0.0023069624,0.018167393,0.014912797,0.00042443315,0.016300388,0.00016328614
6,3.9124894e-05,2.3803623e-05,2.8637098e-05,2.5356598e-05,2.820826e-07,8.200286e-06,4.5787664e-07,2.6363373e-06,4.160052e-06,1.0665915e-06,0.00011788891,6.7237065e-06,1.6261479e-06,3.9491265e-08,5.2820324e-05,3.826332e-08,5.7215892e-08,0.00014598179,4.5798456e-06,1.1452494e-06,3.433929e-07,1.2155016e-06,8.888416e-05,3.5342077e-06,3.0401563e-07,1.5017464e-05,2.1199976e-06,2.3398702e-08,5.1185107e-06,5.791961e-06,1.0238073e-05,4.832809e-06,8.721429e-06,0.00017104295,0.0016884727,0.0002593901,0.020297997,0.028627079,5.803835e-05,6.377233e-05,0.0065320125,5.310058e-05,1.0951472e-05,4.225628e-05,9.987213e-05,6.668438e-05,3.0862182e-06,0.0061009116,3.0793095e-07,6.0228117e-06,9.454294e-05,2.5028437e-06,0.004376643,3.3045783e-06,0.00061066623,0.00018551736,0.0002385838,2.2264043e-05,0.011807033,3.7089354e-05,6.5484615e-05,0.00010319745,0.0025972296,2.9803137e-05,0.00016619127,0.00037836007,2.6755964e-05,0.00075452187,0.00059632934,0.00019111388,3.5429384e-06,1.6020385e-05,0.0028298583,8.547331e-05,0.00023249722,0.00020278766,0.00013125173,0.0013670509,0.00061339745,0.0017635945,0.0015856558,0.000117693584,0.0014174714,0.00023953484,0.00059225335,6.709442e-05,0.00010409427,0.00010361485,9.186377e-05,1.1464858e-06,0.0035435292,0.00024678416,0.00019709676,0.0014227191,0.027766218,0.00012373283,0.00023125357,0.0002619932,0.00022106124,0.0001764117,0.018572142,0.000238876,0.000267641,7.446725e-05,5.741196e-06,0.00013591889,0.000264658,0.00016525974,0.0007415343,0.0004226638,0.00017938508,0.015796326,0.00015756502,0.00071341847,0.00020534827,8.8107954e-05,0.00019949405,0.00033213428,0.00014511906,7.397443e-05,1.0817705e-05,3.010212e-08,6.672876e-09,1.10886276e-07,0.00060637353,0.00087445625,0.00014271328,2.0123665e-05,0.00070968264,4.436836e-05,6.5891036e-05,1.5729547e-05,7.764186e-05,9.419791e-06,7.6829485e-05,6.4707165e-05,0.00089813606,6.810504e-05,0.0005853842,6.459455e-06,2.962449e-06,8.1255814e-05,0.0008852267,0.00015615144,3.673439e-06,0.0013527923,0.0013209729,0.00025786413,0.00061232364,0.00067219493,0.00011910929,0.0012718338,0.0010481674,0.017070638,0.0004701085,0.00026513494,0.000104284394,0.00039217653,0.0029646186,0.00063908653,0.00354745,0.0016786595,0.012536688,0.0115031935,0.0009178916,0.00060669554,0.00017091742,0.004086322,0.0008448983,0.0027307328,0.00016880872,0.00047024002,0.0005287982,0.0006198407,0.019480092,0.011000715,0.019052522,0.0047557894,0.008335251,0.010193695,0.0057167653,0.010609005,0.0074958727,0.0027671207,0.0005395009,0.0032376854,0.00013229673,0.00018197375,0.016989008,0.013389059,0.004260769,0.0053797197,0.0028037135,0.00662919,0.0011794255,0.0017527593,0.0020595894,0.0048620375,0.00489275,0.000324409,0.0033590156,0.00016586039
7,2.0411204e-05,9.036318e-06,7.336625e-06,1.2073492e-05,2.1528169e-07,3.2807486e-06,3.6954597e-07,2.2118984e-06,3.0615433e-06,9.731817e-07,4.459764e-05,1.7050459e-06,1.2947623e-06,3.983662e-08,2.6009151e-05,3.8700154e-08,5.7507492e-08,6.758005e-05,1.9911524e-06,9.651291e-07,2.8207197e-07,9.569231e-07,3.862913e-05,3.3302747e-06,3.0774544e-07,1.0151476e-05,1.5357269e-06,2.3532586e-08,3.9109937e-06,3.7335353e-06,5.035439e-06,2.666404e-06,7.693194e-06,3.764142e-05,0.00050960167,0.00013815808,0.004874961,0.0089376345,3.326386e-05,4.4424385e-05,0.0016201374,3.1448526e-05,7.0274577e-06,2.2104112e-05,2.3393688e-05,2.754116e-05,2.38274e-06,0.0015413815,2.2419641e-07,3.836624e-06,6.324015e-05,1.8347869e-06,0.0009714846,1.5852393e-06,0.0002955543,9.468242e-05,0.000100369354,1.357806e-05,0.0033225915,1.006755e-05,2.4524958e-05,6.782752e-05,0.0010579322,1.3486923e-05,0.00010012361,0.00020053543,1.761069e-05,0.00016162079,0.00013623768,0.000120701305,2.4663423e-06,6.6972025e-06,0.0008158362,3.539326e-05,0.00013297639,7.237516e-05,5.5325196e-05,0.00043906117,0.00027350732,0.00041680044,0.00037285796,6.014722e-05,0.00032003273,0.00013130234,0.00034922129,2.61285e-05,7.101941e-05,6.0002967e-05,4.724601e-05,1.0500996e-06,0.0011295248,7.5245815e-05,0.00011644601,0.0003239988,0.009885719,4.9317223e-05,9.944148e-05,9.867497e-05,0.00012093925,0.000104675666,0.0047943257,5.8333466e-05,0.000106252366,5.598008e-05,2.7014555e-06,8.153863e-05,9.9190314e-05,8.194971e-05,0.00026006557,0.00021033737,5.78775e-05,0.003918757,9.808876e-05,0.00027706297,0.0001164922,3.2633165e-05,0.000102931794,0.00010038589,7.0446615e-05,2.6132271e-05,9.094974e-06,3.036881e-08,6.8126838e-09,1.11478606e-07,0.00020743295,0.000304024,8.049977e-05,1.0574344e-05,0.0002799072,1.6599733e-05,3.3562235e-05,1.2583192e-05,2.87967e-05,6.6463163e-06,3.1841795e-05,4.6742356e-05,0.00032368075,4.4102697e-05,0.00016667874,3.7514258e-06,1.8050524e-06,2.4837671e-05,0.00026962368,5.899458e-05,3.1448421e-06,0.00042310142,0.00039551588,9.431832e-05,0.0001930406,0.00022012358,8.4456784e-05,0.00045717272,0.0003272242,0.004552216,0.00023708428,0.000113975635,5.529247e-05,0.00020767828,0.00082478207,0.0002657648,0.0013744179,0.00070788857,0.004342673,0.0038687964,0.0003098874,0.00021809124,0.000110036395,0.0013162172,0.00040852488,0.0010678298,7.63687e-05,0.00018025146,0.00027672842,0.00024382208,0.0078163035,0.003601555,0.006036364,0.0016143393,0.0016239951,0.0032248609,0.0015129425,0.002836448,0.0024189125,0.00079082866,0.0002947495,0.0009184456,6.234701e-05,0.00014514959,0.004719953,0.0034851488,0.0014405428,0.0018156646,0.0010412264,0.0019311106,0.00041367635,0.0005596242,0.000723704,0.0012499156,0.0011743393,0.00017384712,0.00094845024,9.91167e-05
8,7.8918865e-06,3.2220307e-06,2.4178028e-06,4.289886e-06,9.000254e-08,1.1743105e-06,1.320785e-07,1.0672258e-06,1.3500297e-06,4.827068e-07,1.3373271e-05,5.8694343e-07,5.576188e-07,1.5115202e-08,9.264828e-06,1.6783808e-08,1.6665062e-08,2.0390835e-05,6.2808203e-07,4.915537e-07,1.1963773e-07,4.900196e-07,1.3050584e-05,1.3444189e-06,1.4231338e-07,3.8438784e-06,7.006208e-07,7.2345085e-09,1.4678158e-06,1.7383015e-06,1.9683282e-06,9.3079956e-07,2.9343594e-06,1.3009352e-05,0.0001449364,4.7446654e-05,0.0013557555,0.002790321,1.2118173e-05,1.9965026e-05,0.0004329334,1.1238041e-05,2.7429085e-06,8.360706e-06,8.545881e-06,1.0386378e-05,1.1021542e-06,0.00043452258,9.129718e-08,1.81585e-06,2.8858782e-05,7.8032747e-07,0.0002506582,5.0152414e-07,0.00010823679,3.1732565e-05,3.140515e-05,4.7389003e-06,0.00095267093,3.9155448e-06,7.981276e-06,2.8029022e-05,0.0003305535,4.991194e-06,3.6482157e-05,7.5316064e-05,6.751234e-06,4.2806994e-05,3.6193534e-05,4.9406524e-05,1.0567774e-06,2.7556496e-06,0.00021938432,1.1751026e-05,4.6883884e-05,2.3554196e-05,2.0094692e-05,0.0001320575,9.786591e-05,0.00010996683,0.00010023566,2.0472853e-05,8.411794e-05,3.91321e-05,0.00011954483,8.590029e-06,3.1675252e-05,2.142807e-05,1.87079e-05,4.4771576e-07,0.0003415415,2.1654014e-05,4.6981902e-05,8.780057e-05,0.0030895025,1.783717e-05,3.6577756e-05,3.3342818e-05,3.865319e-05,4.25017e-05,0.0013711046,1.5490996e-05,3.3772045e-05,2.5393465e-05,1.1602962e-06,3.0669886e-05,3.2439708e-05,3.062222e-05,8.075971e-05,6.158984e-05,1.6544654e-05,0.0011292379,3.6234982e-05,9.197323e-05,4.4014643e-05,9.449159e-06,3.77069e-05,2.8199669e-05,2.5450543e-05,7.869644e-06,3.8093492e-06,1.1854361e-08,4.6115196e-09,3.341013e-08,6.2034866e-05,9.1274414e-05,2.7311942e-05,4.10048e-06,8.718297e-05,4.860033e-06,1.14072955e-05,4.9599294e-06,9.040967e-06,2.8583465e-06,9.878593e-06,2.1643575e-05,0.00010214775,1.9835388e-05,5.5135293e-05,1.6945996e-06,8.8310367e-07,6.6004723e-06,7.514967e-05,1.800084e-05,1.2680185e-06,0.00011835657,0.00011206367,2.7534394e-05,5.525912e-05,6.2593615e-05,3.3839176e-05,0.0001450246,9.361621e-05,0.001369401,8.0989135e-05,3.6114612e-05,1.831081e-05,5.975559e-05,0.00022533041,8.608078e-05,0.0004141015,0.00022457007,0.0014569601,0.001279143,9.103583e-05,6.694158e-05,4.512549e-05,0.0003662138,0.00013964884,0.0003381903,2.7759444e-05,5.667752e-05,7.7179895e-05,7.9947466e-05,0.0029975662,0.0011774761,0.0019074113,0.00053932896,0.00044153037,0.0010534788,0.00050018326,0.0009259836,0.0007978352,0.00026001938,9.59252e-05,0.00029914058,1.8435036e-05,7.3921554e-05,0.001350296,0.0011427394,0.0004991333,0.00062502176,0.00035818334,0.0006409226,0.00014121573,0.00018569716,0.00024613,0.00038633644,0.0003696556,5.801803e-05,0.00029219728,3.757685e-05
9,2.5630961e-06,1.0318963e-06,7.4808037e-07,1.3790968e-06,2.9465165e-08,3.8214213e-07,4.4837595e-08,3.8867313e-07,4.9878804e-07,1.8630837e-07,3.9266697e-06,1.8561828e-07,1.8624073e-07,5.135885e-09,2.7702713e-06,6.2516565e-09,4.613617e-09,5.953223e-06,1.960862e-07,1.8222227e-07,4.3695586e-08,1.8438703e-07,4.137417e-06,4.6817706e-07,5.1557507e-08,1.3075208e-06,2.5662814e-07,2.0666338e-09,5.3893064e-07,6.4989536e-07,6.5069145e-07,2.9610226e-07,1.0014237e-06,4.1259414e-06,4.4107754e-05,1.5154913e-05,0.00040466906,0.0008963906,3.8262438e-06,6.8147965e-06,0.00012415813,3.4494542e-06,9.607347e-07,2.8735374e-06,2.8402555e-06,3.3757271e-06,3.9421812e-07,0.00012789607,3.296661e-08,6.713754e-07,9.593093e-06,2.7960456e-07,7.1445065e-05,1.7035855e-07,3.421886e-05,9.734605e-06,9.6295535e-06,1.5240176e-06,0.00028694907,1.3021518e-06,2.4742103e-06,9.1161955e-06,9.901826e-05,1.6416102e-06,1.13376345e-05,2.3866505e-05,2.1622973e-06,1.2369818e-05,1.0417374e-05,1.6481634e-05,3.794148e-07,9.3530207e-07,6.27963e-05,3.6589054e-06,1.4858288e-05,7.42814e-06,6.358532e-06,4.023281e-05,3.1324074e-05,3.1496682e-05,2.913305e-05,6.538909e-06,2.3972358e-05,1.1567743e-05,3.6411242e-05,2.6986238e-06,1.0288469e-05,6.7790797e-06,6.1761007e-06,1.6043376e-07,0.00010140333,6.6020243e-06,1.482578e-05,2.5694093e-05,0.0009946524,5.7193556e-06,1.1888423e-05,1.0563541e-05,1.1781729e-05,1.3837534e-05,0.0004122051,4.4194776e-06,1.0296382e-05,8.556181e-06,4.1891022e-07,9.9101635e-06,1.0307253e-05,9.821975e-06,2.4859663e-05,1.8227865e-05,4.9748205e-06,0.0003393044,1.1476277e-05,2.7790842e-05,1.4020363e-05,2.9251687e-06,1.2011132e-05,8.4224675e-06,8.189994e-06,2.3497619e-06,1.3527682e-06,3.9735064e-09,1.8527473e-09,9.352597e-09,1.8761346e-05,2.7585935e-05,8.407474e-06,1.4202918e-06,2.743722e-05,1.4788941e-06,3.6945862e-06,1.7375103e-06,2.8205393e-06,1.0539194e-06,2.9606235e-06,6.9350936e-06,3.1268777e-05,6.6575963e-06,1.699703e-05,6.074127e-07,3.3361994e-07,1.9881263e-06,2.2453092e-05,5.4905695e-06,4.3979819e-07,3.5380825e-05,3.3758784e-05,8.265606e-06,1.665976e-05,1.8732446e-05,1.0940119e-05,4.371535e-05,2.8244165e-05,0.00041396022,2.5814392e-05,1.0960539e-05,5.7521124e-06,1.7478973e-05,6.778298e-05,2.6632544e-05,0.000120186036,6.5865526e-05,0.00047588415,0.00041275698,2.6881076e-05,2.0271815e-05,1.46658585e-05,0.00010569255,4.2211264e-05,0.000100487596,8.600939e-06,1.711522e-05,2.246543e-05,2.445013e-05,0.001090144,0.00037681113,0.0006010777,0.00017403673,0.00012911123,0.00033591958,0.00015861238,0.00029298535,0.00025548026,8.27946e-05,2.8531022e-05,9.525882e-05,5.43617e-06,2.3066374e-05,0.00041015667,0.0003614069,0.00016393355,0.00020506007,0.00011767841,0.0002051158,4.5921242e-05,5.967352e-05,8.025367e-05,0.00011945828,0.000113986855,1.7523986e-05,9.026569e-05,1.2121087e-05
10,7.9097174e-07,3.1537246e-07,2.3490394e-07,4.2422826e-07,9.3623385e-09,1.2030482e-07,1.4217204e-08,1.2595159e-07,1.6739469e-07,6.368684e-08,1.1635422e-06,5.8827187e-08,5.892751e-08,1.6172232e-09,8.2672875e-07,2.0316506e-09,1.3917336e-09,1.7653505e-06,6.095429e-08,6.117741e-08,1.4518757e-08,6.245397e-08,1.2848534e-06,1.5068046e-07,1.707567e-08,4.1812086e-07,8.278869e-08,6.333399e-10,1.7997124e-07,2.207444e-07,2.0476095e-07,9.1944294e-08,3.1804086e-07,1.313372e-06,1.3425179e-05,4.646875e-06,0.00012601686,0.00028945095,1.156719e-06,2.1066146e-06,3.7394573e-05,1.0294492e-06,3.130755e-07,9.510496e-07,9.089083e-07,1.0583865e-06,1.279229e-07,3.8948518e-05,1.0619532e-08,2.2678913e-07,2.920331e-06,9.19057e-08,2.1520258e-05,5.3654947e-08,1.04519195e-05,2.9394641e-06,2.9337164e-06,4.7385575e-07,8.971068e-05,4.2209874e-07,7.515291e-07,2.770714e-06,2.9445371e-05,5.171066e-07,3.396076e-06,7.236915e-06,6.7340744e-07,3.7484892e-06,3.1510904e-06,5.1136067e-06,1.245615e-07,3.033565e-07,1.8849605e-05,1.142268e-06,4.5358333e-06,2.296534e-06,1.9249646e-06,1.2137705e-05,9.734106e-06,9.512636e-06,8.877481e-06,2.007637e-06,7.204624e-06,3.4210912e-06,1.0902003e-05,8.3255054e-07,3.121817e-06,2.057596e-06,1.9110807e-06,5.1643422e-08,3.0211793e-05,2.0209925e-06,4.4728695e-06,7.859191e-06,0.00032308965,1.7543335e-06,3.7037516e-06,3.2696457e-06,3.5381358e-06,4.1754724e-06,0.00012888422,1.3193842e-06,3.1017812e-06,2.63931e-06,1.3974568e-07,3.0418046e-06,3.193872e-06,3.0002686e-06,7.582251e-06,5.3916992e-06,1.5097444e-06,0.00010611416,3.4736406e-06,8.267203e-06,4.2491556e-06,9.032903e-07,3.6464696e-06,2.5472561e-06,2.5241313e-06,7.081437e-07,4.3644891e-07,1.2520398e-09,6.330456e-10,2.8263116e-09,5.686062e-06,8.3223385e-06,2.5151871e-06,4.5938555e-07,8.717858e-06,4.5616758e-07,1.152092e-06,5.6234944e-07,8.706379e-07,3.4703007e-07,8.893584e-07,2.103553e-06,9.403007e-06,2.0338716e-06,5.228115e-06,2.0159588e-07,1.13801285e-07,6.127043e-07,6.7852643e-06,1.6767453e-06,1.4113806e-07,1.07148035e-05,1.0206465e-05,2.5125132e-06,5.055357e-06,5.675764e-06,3.322085e-06,1.3132823e-05,8.612133e-06,0.00012976315,7.90547e-06,3.3377964e-06,1.7690877e-06,5.1488896e-06,2.0529751e-05,8.262978e-06,3.531025e-05,1.936768e-05,0.00015458344,0.00013279487,7.992361e-06,6.093993e-06,4.4969242e-06,3.1112544e-05,1.2504445e-05,2.9755374e-05,2.5905258e-06,5.131077e-06,6.6031553e-06,7.4338423e-06,0.00038528017,0.00012048717,0.00019097139,5.5917903e-05,3.943499e-05,0.00010718976,5.0901202e-05,9.388768e-05,8.169576e-05,2.6584408e-05,8.453822e-06,3.054759e-05,1.6184327e-06,6.942924e-06,0.00012893106,0.00011585496,5.3242828e-05,6.65678e-05,3.8165894e-05,6.5954904e-05,1.4816397e-05,1.9186664e-05,2.5925981e-05,3.786095e-05,3.6118116e-05,5.2186415e-06,2.851263e-05,3.6734803e-06
11,2.4097196e-07,9.6219935e-08,7.4613126e-08,1.2929296e-07,2.8930063e-09,3.7555857e-08,4.4118e-09,3.896305e-08,5.3384213e-08,2.0465771e-08,3.551905e-07,1.8734566e-08,1.8255975e-08,4.9736315e-10,2.50672e-07,6.2700817e-10,4.2254145e-10,5.341732e-07,1.8914893e-08,1.9378101e-08,4.6205635e-09,1.9999034e-08,3.973534e-07,4.7089674e-08,5.4004823e-09,1.3052181e-07,2.5537563e-08,1.9411181e-10,5.7568368e-08,7.086352e-08,6.323873e-08,2.8378333e-08,9.870679e-08,4.2022515e-07,4.185491e-06,1.4184598e-06,4.020195e-05,9.417982e-05,3.4854077e-07,6.3593274e-07,1.164687e-05,3.0896103e-07,9.893711e-08,3.105069e-07,2.8685105e-07,3.283486e-07,3.9733525e-08,1.2159984e-05,3.2634413e-09,7.2662885e-08,8.7650204e-07,2.8952574e-08,6.72313e-06,1.6785474e-08,3.1924003e-06,8.9152314e-07,9.0318304e-07,1.4620903e-07,2.8601604e-05,1.3427479e-07,2.295614e-07,8.3127145e-07,8.881836e-06,1.6117303e-07,1.0167151e-06,2.1867515e-06,2.0729048e-07,1.1744745e-06,9.856526e-07,1.55282e-06,3.9372058e-08,9.58677e-08,5.8568685e-06,3.5685056e-07,1.37426e-06,7.118026e-07,5.81969e-07,3.74259e-06,2.9987923e-06,2.973909e-06,2.7875471e-06,6.141765e-07,2.2466306e-06,1.0280555e-06,3.274314e-06,2.5834447e-07,9.355202e-07,6.2029267e-07,5.831275e-07,1.6026394e-08,9.1672155e-06,6.336682e-07,1.3438482e-06,2.4746232e-06,0.00010556195,5.3602776e-07,1.1401563e-06,1.0106796e-06,1.0678941e-06,1.253391e-06,4.108419e-05,4.083105e-07,9.4438917e-07,7.9564353e-07,4.4678984e-08,9.24628e-07,9.890477e-07,9.1101157e-07,2.3412572e-06,1.6242413e-06,4.6906905e-07,3.3834425e-05,1.0455768e-06,2.4877465e-06,1.2812345e-06,2.8151211e-07,1.1030224e-06,7.924754e-07,7.708056e-07,2.1755466e-07,1.3596173e-07,3.8358527e-10,2.0155395e-10,8.5752716e-10,1.7567179e-06,2.5608956e-06,7.556164e-07,1.4469694e-07,2.7864667e-06,1.4252775e-07,3.5732495e-07,1.76443e-07,2.7082638e-07,1.092906e-07,2.716796e-07,6.3001346e-07,2.8780921e-06,6.1172096e-07,1.6254335e-06,6.421206e-08,3.665606e-08,1.9229488e-07,2.1095257e-06,5.189872e-07,4.399439e-08,3.333218e-06,3.17177e-06,7.77996e-07,1.5710406e-06,1.7617031e-06,9.964905e-07,4.019009e-06,2.6871453e-06,4.141118e-05,2.4104606e-06,1.0267685e-06,5.4489374e-07,1.5480955e-06,6.418356e-06,2.5816264e-06,1.06211155e-05,5.800816e-06,5.0234547e-05,4.2832795e-05,2.429042e-06,1.8679623e-06,1.3584856e-06,9.400876e-06,3.7413777e-06,8.948877e-06,7.8491814e-07,1.5652574e-06,1.9857953e-06,2.2810325e-06,0.00013366254,3.8687424e-05,6.114745e-05,1.8018825e-05,1.2427192e-05,3.4377892e-05,1.6471447e-05,3.0380965e-05,2.6239488e-05,8.607255e-06,2.539007e-06,9.879633e-06,4.899654e-07,2.070372e-06,4.1226802e-05,3.7505608e-05,1.72691e-05,2.1589287e-05,1.23663485e-05,2.1347047e-05,4.789346e-06,6.2033046e-06,8.386446e-06,1.2171275e-05,1.1612271e-05,1.5664482e-06,9.126009e-06,1.1062951e-06
12,7.386207e-08,2.969506e-08,2.394193e-08,3.9694697e-08,8.942134e-10,1.1754232e-08,1.3691424e-09,1.1942464e-08,1.6710285e-08,6.4094436e-09,1.1098126e-07,6.013603e-09,5.650945e-09,1.5305034e-10,7.759509e-08,1.9143294e-10,1.3190617e-10,1.6509279e-07,5.928385e-09,6.022367e-09,1.4458774e-09,6.2631558e-09,1.2395552e-07,1.4601756e-08,1.6820407e-09,4.0618378e-08,7.808545e-09,6.066619e-11,1.8103623e-08,2.2260597e-08,1.9559874e-08,8.824985e-09,3.055854e-08,1.3512951e-07,1.3253954e-06,4.3706737e-07,1.29987275e-05,3.080071e-05,1.0637852e-07,1.9271828e-07,3.7026662e-06,9.42952e-08,3.0993164e-08,1.01227116e-07,9.0391445e-08,1.0242913e-07,1.2230916e-08,3.862657e-06,9.972292e-10,2.2815282e-08,2.6515858e-07,9.0117975e-09,2.1430512e-06,5.2641975e-09,9.872846e-07,2.7523012e-07,2.8231722e-07,4.5426173e-08,9.23582e-06,4.25661e-08,7.103424e-08,2.5182376e-07,2.7324709e-06,5.0337494e-08,3.0893779e-07,6.691621e-07,6.422e-08,3.7486822e-07,3.143055e-07,4.7255014e-07,1.2291711e-08,3.012823e-08,1.8597492e-06,1.1268308e-07,4.1983049e-07,2.2272734e-07,1.7820156e-07,1.1749393e-06,9.302407e-07,9.484144e-07,8.9092805e-07,1.8941586e-07,7.152937e-07,3.1507983e-07,9.987256e-07,8.108479e-08,2.8305337e-07,1.8910184e-07,1.7906292e-07,4.936614e-09,2.8374918e-06,2.0184117e-07,4.0863398e-07,7.922944e-07,3.4648387e-05,1.6536163e-07,3.5288622e-07,3.151355e-07,3.2699597e-07,3.8028685e-07,1.32601945e-05,1.2918649e-07,2.9211375e-07,2.409505e-07,1.4054241e-08,2.836518e-07,3.0889854e-07,2.7982577e-07,7.335519e-07,4.9911114e-07,1.4835291e-07,1.0921558e-05,3.1890235e-07,7.630113e-07,3.9134557e-07,8.869408e-08,3.3802422e-07,2.5127102e-07,2.3735112e-07,6.8111795e-08,4.2074575e-08,1.1769649e-10,6.2151645e-11,2.6713182e-10,5.521886e-07,8.028475e-07,2.3049859e-07,4.5389687e-08,8.979663e-07,4.5115307e-08,1.116473e-07,5.489329e-08,8.5256e-08,3.400452e-08,8.460697e-08,1.9051087e-07,8.9711955e-07,1.852974e-07,5.113247e-07,2.0144956e-08,1.1529902e-08,6.106369e-08,6.685051e-07,1.6312288e-07,1.3636999e-08,1.0563087e-06,1.0041003e-06,2.4510797e-07,4.968056e-07,5.570402e-07,3.0198612e-07,1.2539831e-06,8.524633e-07,1.3378834e-05,7.4250903e-07,3.2091052e-07,1.698081e-07,4.7536716e-07,2.0426005e-06,8.1707446e-07,3.2721846e-06,1.7770234e-06,1.6370544e-05,1.3877532e-05,7.541687e-07,5.8368346e-07,4.137974e-07,2.9086018e-06,1.1412191e-06,2.7477122e-06,2.4195973e-07,4.8692516e-07,6.105037e-07,7.1102806e-07,4.579321e-05,1.2492441e-05,1.9725387e-05,5.8360297e-06,3.981589e-06,1.1093319e-05,5.36385e-06,9.898686e-06,8.476906e-06,2.8049244e-06,7.772185e-07,3.2159983e-06,1.5126047e-07,6.2542637e-07,1.3333982e-05,1.2224203e-05,5.6148783e-06,7.0197366e-06,4.019138e-06,6.949313e-06,1.5552995e-06,2.0172347e-06,2.7243038e-06,3.9498527e-06,3.7686311e-06,4.79193e-07,2.9507437e-06,3.3646901e-07
13,2.2935637e-08,9.3034895e-09,7.749917e-09,1.2348014e-08,2.790344e-10,3.7099788e-09,4.2868553e-10,3.6833672e-09,5.2232463e-09,1.9976039e-09,3.5279815e-08,1.9456556e-09,1.7636255e-09,4.7623544e-11,2.4450394e-08,5.890029e-11,4.1889874e-11,5.1919514e-08,1.8785093e-09,1.87159e-09,4.5211931e-10,1.9541553e-09,3.911477e-08,4.5518753e-09,5.241471e-10,1.2722478e-08,2.4052484e-09,1.9222922e-11,5.6817258e-09,6.9646227e-09,6.1110654e-09,2.7757088e-09,9.535688e-09,4.3737817e-08,4.2496615e-07,1.3658814e-07,4.2376196e-06,1.0111758e-05,3.3013556e-08,5.9243575e-08,1.1927115e-06,2.930252e-08,9.735401e-09,3.309226e-08,2.8647214e-08,3.2300587e-08,3.785143e-09,1.2423266e-06,3.0756608e-10,7.140761e-09,8.1502115e-08,2.8109077e-09,6.9169556e-07,1.6650076e-09,3.100212e-07,8.646365e-08,8.950532e-08,1.4274668e-08,3.0066553e-06,1.3548702e-08,2.2306336e-08,7.75815e-08,8.5625254e-07,1.586138e-08,9.559236e-08,2.0829629e-07,2.0132617e-08,1.2108046e-07,1.01460735e-07,1.4552654e-07,3.8446353e-09,9.506895e-09,5.987233e-07,3.5958816e-08,1.3002807e-07,7.0520606e-08,5.5482985e-08,3.7448342e-07,2.9202005e-07,3.0622704e-07,2.8799712e-07,5.9192406e-08,2.3071509e-07,9.832256e-08,3.098925e-07,2.576325e-08,8.710406e-08,5.8548693e-08,5.5731245e-08,1.5308979e-09,8.939106e-07,6.505631e-08,1.263318e-07,2.564166e-07,1.1407723e-05,5.174958e-08,1.105688e-07,9.947282e-08,1.0174388e-07,1.1732013e-07,4.314376e-06,4.147255e-08,9.179795e-08,7.40418e-08,4.4143564e-09,8.833587e-08,9.762978e-08,8.735471e-08,2.330597e-07,1.5613263e-07,4.754976e-08,3.5538064e-06,9.89956e-08,2.3849643e-07,1.2164944e-07,2.8237473e-08,1.05373466e-07,8.0760614e-08,7.410834e-08,2.164947e-08,1.3104474e-08,3.653894e-11,1.913015e-11,8.466764e-11,1.7608309e-07,2.5560067e-07,7.153692e-08,1.4317437e-08,2.9137726e-07,1.4433721e-08,3.5262296e-08,1.7140756e-08,2.7156675e-08,1.06116e-08,2.677186e-08,5.8570933e-08,2.8426666e-07,5.7004506e-08,1.6280012e-07,6.3172396e-09,3.6078762e-09,1.9572143e-08,2.1476733e-07,5.1957635e-08,4.252918e-09,3.3922794e-07,3.2229912e-07,7.827078e-08,1.5920689e-07,1.7854882e-07,9.3070724e-08,3.9779087e-07,2.7381788e-07,4.357313e-06,2.3208639e-07,1.01760754e-07,5.3615047e-08,1.4865553e-07,6.5828044e-07,2.616381e-07,1.0282756e-06,5.555541e-07,5.3530775e-06,4.5175984e-06,2.3833844e-07,1.8537705e-07,1.2807104e-07,9.1690424e-07,3.550532e-07,8.5998863e-07,7.59362e-08,1.5409103e-07,1.91169e-07,2.250189e-07,1.5553676e-05,4.0565824e-06,6.4037968e-06,1.9001213e-06,1.2894176e-06,3.6009217e-06,1.7555567e-06,3.2420037e-06,2.754315e-06,9.187221e-07,2.4226335e-07,1.052295e-06,4.7491476e-08,1.9232127e-07,4.344398e-06,4.004736e-06,1.8324764e-06,2.2910554e-06,1.3116012e-06,2.2734682e-06,5.075562e-07,6.5933045e-07,8.8914175e-07,1.290167e-06,1.2310791e-06,1.4941524e-07,9.61045e-07,1.0394467e-07
14,7.2226567e-09,2.9558604e-09,2.525298e-09,3.894741e-09,8.811753e-11,1.1825183e-09,1.3575278e-10,1.1501254e-09,1.6438376e-09,6.2599104e-10,1.135338e-08,6.336082e-10,5.56491e-10,1.5016646e-11,7.811452e-09,1.8371683e-11,1.3471205e-11,1.6554827e-08,6.0152683e-10,5.865251e-10,1.4236524e-10,6.1316896e-10,1.2484807e-08,1.4335947e-09,1.6465151e-10,4.0253045e-09,7.505569e-10,6.160619e-12,1.793642e-09,2.1906097e-09,1.9327093e-09,8.8326696e-10,3.0094955e-09,1.4240083e-08,1.3753805e-07,4.3283617e-08,1.3887969e-06,3.3291856e-06,1.040761e-08,1.8509684e-08,3.875572e-07,9.25151e-09,3.0823928e-09,1.0857869e-08,9.15378e-09,1.0302131e-08,1.1847573e-09,4.031023e-07,9.619487e-11,2.2474298e-09,2.5469006e-08,8.843838e-10,2.2506752e-07,5.319268e-10,9.869321e-08,2.7562397e-08,2.871236e-08,4.539316e-09,9.841604e-07,4.3425805e-09,7.0985493e-09,2.4309266e-08,2.72401e-07,5.049874e-09,3.0077e-08,6.5871646e-08,6.3897287e-09,3.9415465e-08,3.3016693e-08,4.5470827e-08,1.2124133e-09,3.0241367e-09,1.945017e-07,1.1583622e-08,4.08574e-08,2.2578458e-08,1.75426e-08,1.2072451e-07,9.281716e-08,9.967284e-08,9.380159e-08,1.8747029e-08,7.504224e-08,3.115013e-08,9.767164e-08,8.274236e-09,2.7264429e-08,1.8407608e-08,1.7594193e-08,4.804309e-10,2.8558975e-07,2.1146082e-08,3.9683144e-08,8.3584276e-08,3.764303e-06,1.6420335e-08,3.509928e-08,3.1772316e-08,3.2128252e-08,3.6788215e-08,1.4114748e-06,1.3443848e-08,2.9241868e-08,2.3126868e-08,1.394743e-09,2.7924642e-08,3.121587e-08,2.7687278e-08,7.489937e-08,4.956809e-08,1.538978e-08,1.1627262e-06,3.1241527e-08,7.573101e-08,3.843575e-08,9.075869e-09,3.336856e-08,2.6202525e-08,2.3466304e-08,6.9616384e-09,4.1277426e-09,1.1501102e-11,5.9437294e-12,2.7186206e-11,5.6769196e-08,8.2328256e-08,2.2553019e-08,4.5574104e-09,9.508121e-08,4.6589728e-09,1.12602425e-08,5.4009526e-09,8.738532e-09,3.3428063e-09,8.578023e-09,1.8312107e-08,9.123514e-08,1.7824968e-08,5.2364076e-08,1.9940127e-09,1.1341774e-09,6.323268e-09,6.9657e-08,1.6727448e-08,1.3402736e-09,1.0997086e-07,1.04465826e-07,2.5254382e-08,5.1519873e-08,5.7797028e-08,2.9170941e-08,1.277942e-07,8.8755826e-08,1.4268492e-06,7.3578065e-08,3.2652856e-08,1.7131555e-08,4.7184e-08,2.1397761e-07,8.457719e-08,3.2806258e-07,1.7651172e-07,1.7560354e-06,1.47689e-06,7.635119e-08,5.960839e-08,4.028824e-08,2.931859e-07,1.1232312e-07,2.73384e-07,2.4190605e-08,4.9413792e-08,6.0750274e-08,7.210623e-08,5.250543e-06,1.3237144e-06,2.089789e-06,6.214407e-07,4.2052284e-07,1.1747907e-06,5.767181e-07,1.0657342e-06,8.9932956e-07,3.020219e-07,7.668167e-08,3.4563448e-07,1.5119388e-08,6.015779e-08,1.4226857e-06,1.3167306e-06,6.002328e-07,7.5046324e-07,4.2966872e-07,7.4657254e-07,1.6632765e-07,2.163613e-07,2.9137655e-07,4.2330052e-07,4.0394298e-07,4.7346564e-08,3.1464015e-07,3.261855e-08
15,2.3031925e-09,9.498963e-10,8.269687e-10,1.2435718e-09,2.8146787e-11,3.8040257e-10,4.3454105e-11,3.6386e-10,5.2237537e-10,1.9805221e-10,3.685459e-09,2.0738193e-10,1.7752219e-10,4.7931056e-12,2.521594e-09,5.81091e-12,4.3709402e-12,5.334633e-09,1.9433698e-10,1.8584156e-10,4.5262207e-11,1.9421188e-10,4.0240353e-09,4.5655582e-10,5.2263423e-11,1.2868056e-09,2.3738086e-10,1.9920831e-12,5.712037e-10,6.95242e-10,6.18239e-10,2.839468e-10,9.605785e-10,4.659014e-09,4.4821277e-08,1.3878609e-08,4.56786e-07,1.0984442e-06,3.3241048e-09,5.867936e-09,1.2668508e-07,2.9585596e-09,9.850477e-10,3.5741876e-09,2.949175e-09,3.3184826e-09,3.7543124e-10,1.316221e-07,3.050081e-11,7.1374295e-10,8.075127e-09,2.811762e-10,7.36387e-08,1.7148763e-10,3.1766227e-08,8.884957e-09,9.2949115e-09,1.4586293e-09,3.2337604e-07,1.4021597e-09,2.2836149e-09,7.727889e-09,8.766639e-08,1.6233296e-09,9.59405e-09,2.1100462e-08,2.0501227e-09,1.2900172e-08,1.0803407e-08,1.4403374e-08,3.8616854e-10,9.704936e-10,6.357437e-08,3.760163e-09,1.3004439e-08,7.2959736e-09,5.616863e-09,3.9241264e-08,2.982181e-08,3.2619855e-08,3.0711423e-08,6.0067316e-09,2.454708e-08,9.987623e-09,3.1184445e-08,2.6803444e-09,8.659401e-09,5.863984e-09,5.623731e-09,1.5264158e-10,9.220696e-08,6.9144876e-09,1.2634784e-08,2.7382084e-08,1.2441523e-06,5.2707594e-09,1.12687895e-08,1.0249097e-08,1.0271022e-08,1.1697244e-08,4.6357664e-07,4.3871538e-09,9.4154915e-09,7.3301867e-09,4.445088e-10,8.9393435e-09,1.0077778e-08,8.8844185e-09,2.4282992e-08,1.5919428e-08,5.0160263e-09,3.8189745e-07,9.992425e-09,2.4340203e-08,1.23051365e-08,2.940261e-09,1.07011475e-08,8.556939e-09,7.5200175e-09,2.257974e-09,1.3153917e-09,3.666177e-12,1.870305e-12,8.811276e-12,1.8450809e-08,2.6743223e-08,7.202535e-09,1.4641733e-09,3.116291e-08,1.5145066e-09,3.62997e-09,1.7195516e-09,2.8347102e-09,1.0644432e-09,2.7745841e-09,5.8092806e-09,2.9560006e-08,5.6542824e-09,1.6979993e-08,6.3512573e-10,3.596545e-10,2.05628e-09,2.2742068e-08,5.4294946e-09,4.2705767e-10,3.5887652e-08,3.409149e-08,8.2113605e-09,1.6789846e-08,1.8841037e-08,9.275112e-09,4.1436305e-08,2.8959034e-08,4.6900982e-07,2.3603791e-08,1.0573487e-08,5.5275873e-09,1.5150931e-08,6.996834e-08,2.7538148e-08,1.0583497e-07,5.6766066e-08,5.7762566e-07,4.8453785e-07,2.4703581e-08,1.9340417e-08,1.2850258e-08,9.4728904e-08,3.5998607e-08,8.794129e-08,7.794828e-09,1.6000985e-08,1.9525848e-08,2.3328557e-08,1.764679e-06,4.3368186e-07,6.8478363e-07,2.0398207e-07,1.3781346e-07,3.848494e-07,1.8997942e-07,3.5126638e-07,2.9481166e-07,9.955063e-08,2.456911e-08,1.1384621e-07,4.865863e-09,1.9092374e-08,4.6758726e-07,4.340599e-07,1.9722336e-07,2.4659002e-07,1.4120545e-07,2.458589e-07,5.46855e-08,7.121405e-08,9.579645e-08,1.393245e-07,1.3296106e-07,1.5192544e-08,1.03398364e-07,1.0375653e-08
16,7.419909e-10,3.0793992e-10,2.718077e-10,4.0101764e-10,9.07741e-12,1.2332405e-10,1.40359694e-11,1.1645555e-10,1.6760608e-10,6.329804e-11,1.2037719e-09,6.813482e-11,5.7171247e-11,1.5452653e-12,8.2021717e-10,1.8601743e-12,1.4272158e-12,1.7326971e-09,6.322844e-11,5.951129e-11,1.4528026e-11,6.212375e-11,1.3070667e-09,1.4685161e-10,1.6757092e-11,4.1511017e-10,7.5963964e-11,6.485703e-13,1.8353669e-10,2.227524e-10,1.9963542e-10,9.20351e-11,3.0958158e-10,1.5301634e-09,1.4680355e-08,4.4912762e-09,1.5061984e-07,3.6300554e-07,1.0725388e-09,1.8823922e-09,4.1585263e-08,9.55489e-10,3.175399e-10,1.1795264e-09,9.570185e-10,1.0773982e-09,1.202914e-10,4.317212e-08,9.783245e-12,2.2881064e-10,2.5903917e-09,9.028131e-11,2.418755e-08,5.5699816e-11,1.0310439e-08,2.8877354e-09,3.0295801e-09,4.726571e-10,1.0654661e-07,4.5571896e-10,7.408102e-10,2.4848164e-09,2.8455428e-08,5.260478e-10,3.0929257e-09,6.8253394e-09,6.6355715e-10,4.2382005e-09,3.5487768e-09,4.6152717e-09,1.2416417e-10,3.1393813e-10,2.0868864e-08,1.2278254e-09,4.1829677e-09,2.3745932e-09,1.8159116e-09,1.2830945e-08,9.6642845e-09,1.071662e-08,1.0092604e-08,1.9424882e-09,8.061669e-09,3.2317025e-09,1.005765e-08,8.7398466e-10,2.7822227e-09,1.8878061e-09,1.8154016e-09,4.9021565e-11,3.0000443e-08,2.2705529e-09,4.066181e-09,9.002253e-09,4.116975e-07,1.7071136e-09,3.650326e-09,3.3316332e-09,3.3155318e-09,3.760659e-09,1.52685e-07,1.438402e-09,3.056501e-09,2.3510989e-09,1.4291504e-10,2.8898137e-09,3.277993e-09,2.8776432e-09,7.924113e-09,5.1577054e-09,1.643155e-09,1.2578738e-07,3.2287513e-09,7.8933295e-09,3.97898e-09,9.585269e-10,3.4646719e-09,2.8072646e-09,2.432586e-09,7.370081e-10,4.2343187e-10,1.1808076e-12,5.957741e-13,2.87489e-12,6.032017e-09,8.7401455e-09,2.3234787e-09,4.7419474e-10,1.024773e-08,4.9502247e-10,1.1791024e-09,5.527542e-10,9.252426e-10,3.4230402e-10,9.037542e-10,1.8645354e-09,9.64299e-09,1.8145022e-09,5.5403637e-09,2.0412869e-10,1.1512992e-10,6.7217504e-10,7.459562e-09,1.7730989e-09,1.3741272e-10,1.1766988e-08,1.1178932e-08,2.685022e-09,5.4995364e-09,6.172877e-09,2.9826266e-09,1.3524793e-08,9.493626e-09,1.5458072e-07,7.641832e-09,3.4471364e-09,1.7969771e-09,4.907896e-09,2.2974785e-08,9.014129e-09,3.441733e-08,1.8418048e-08,1.9042224e-07,1.5941886e-07,8.050437e-09,6.3157066e-09,4.1430885e-09,3.083793e-08,1.1649353e-08,2.8536007e-08,2.532801e-09,5.217778e-09,6.32973e-09,7.6011775e-09,5.912101e-07,1.4253852e-07,2.2510949e-07,6.714431e-08,4.5320213e-08,1.2648142e-07,6.270944e-08,1.1600057e-07,9.694338e-08,3.2876436e-08,7.945821e-09,3.7576825e-08,1.5788961e-09,6.1296364e-09,1.540852e-07,1.433579e-07,6.496648e-08,8.122887e-08,4.652257e-08,8.113649e-08,1.8024656e-08,2.3492467e-08,3.1573833e-08,4.5962075e-08,4.3864883e-08,4.920696e-09,3.4071817e-08,3.336511e-09
17,2.4093327e-10,1.0047857e-10,8.9578955e-11,1.3030887e-10,2.9496817e-12,4.0227058e-11,4.5661526e-12,3.7623474e-11,5.4225895e-11,2.0413591e-11,3.949341e-10,2.24484e-11,1.8554273e-11,5.020541e-13,2.6828628e-10,6.0116484e-13,4.6813844e-13,5.6609045e-10,2.0682307e-11,1.9228594e-11,4.7015863e-12,2.0047327e-11,4.2705003e-10,4.7618406e-11,5.4189747e-12,1.3489485e-10,2.4539502e-11,2.1224767e-13,5.943647e-11,7.19731e-11,6.493835e-11,3.0020576e-11,1.00544795e-10,5.040074e-10,4.82596e-09,1.4635229e-09,4.9755386e-08,1.20107e-07,3.4871675e-10,6.093776e-10,1.3691898e-08,3.1086705e-10,1.03110354e-10,3.8997436e-10,3.1235947e-10,3.5189707e-10,3.8891734e-11,1.4206708e-08,3.166538e-12,7.3964404e-11,8.38482e-10,2.9229064e-11,7.967101e-09,1.8196354e-11,3.367218e-09,9.441259e-10,9.924194e-10,1.5415003e-10,3.5175383e-08,1.4890963e-10,2.418256e-10,8.058634e-10,9.293761e-09,1.7154723e-10,1.0050232e-09,2.2236892e-09,2.1622099e-10,1.3962598e-09,1.1690063e-09,1.4924031e-09,4.0240186e-11,1.02220676e-10,6.8713186e-09,4.0271242e-10,1.3565578e-09,7.770153e-10,5.9131866e-10,4.2131605e-09,3.1523366e-09,3.5305092e-09,3.3256387e-09,6.3260397e-10,2.6551854e-09,1.0528525e-09,3.2687344e-09,2.8637495e-10,9.017726e-10,6.1267197e-10,5.9045185e-10,1.5879601e-11,9.815359e-09,7.4785633e-10,1.3193574e-09,2.967256e-09,1.3635272e-07,5.5663046e-10,1.1904114e-09,1.0892319e-09,1.0782044e-09,1.2193214e-09,5.0393222e-08,4.731913e-10,9.982406e-10,7.610151e-10,4.6303083e-11,9.410199e-10,1.0722024e-09,9.384694e-10,2.5980968e-09,1.6819622e-09,5.402292e-10,4.1516834e-08,1.0511162e-09,2.5764042e-09,1.2960796e-09,3.1398145e-10,1.1295876e-09,9.239802e-10,7.9246065e-10,2.416724e-10,1.3740703e-10,3.8337047e-13,1.9174609e-13,9.424894e-13,1.9803637e-09,2.8688794e-09,7.5526196e-10,1.5456529e-10,3.3783252e-09,1.6246966e-10,3.8522832e-10,1.7911408e-10,3.0338596e-10,1.1097346e-10,2.95894e-10,6.03804e-10,3.161119e-09,5.875061e-10,1.8161579e-09,6.612133e-11,3.7170024e-11,2.2061064e-10,2.4548925e-09,5.8163163e-10,4.4567718e-11,3.8713166e-09,3.6781873e-09,8.815991e-10,1.8080022e-09,2.029734e-09,9.673669e-10,4.435423e-09,3.122988e-09,5.1047387e-08,2.491064e-09,1.1294133e-09,5.874875e-10,1.6002608e-09,7.566572e-09,2.9620522e-09,1.1256761e-08,6.013984e-09,6.288421e-08,5.2567206e-08,2.6370048e-09,2.0719204e-09,1.3465554e-09,1.0093273e-08,3.79646e-09,9.318198e-09,8.279602e-10,1.7099973e-09,2.0649917e-09,2.489502e-09,1.9760851e-07,4.6964512e-08,7.418265e-08,2.2149477e-08,1.4940952e-08,4.1672592e-08,2.0730717e-08,3.836149e-08,3.1954283e-08,1.0872643e-08,2.587735e-09,1.2421845e-08,5.154694e-10,1.9853506e-09,5.087468e-08,4.741251e-08,2.1442277e-08,2.680982e-08,1.535739e-08,2.6818048e-08,5.9521947e-09,7.762769e-09,1.0426092e-08,1.5187927e-08,1.4495443e-08,1.6046393e-09,1.1249687e-08,1.081939e-09
18,7.8699214e-11,3.294114e-11,2.95807e-11,4.2586632e-11,9.639939e-13,1.31832e-11,1.4935104e-12,1.22430364e-11,1.7660807e-11,6.631964e-12,1.2998634e-10,7.4113216e-12,6.057507e-12,1.6406596e-13,8.810984e-11,1.956883e-13,1.5405636e-13,1.8574585e-10,6.7923475e-12,6.25701e-12,1.5315627e-12,6.5158447e-12,1.4013427e-10,1.553742e-11,1.7643573e-12,4.4083844e-11,7.984804e-12,6.972561e-14,1.9370058e-11,2.3415405e-11,2.1240005e-11,9.838808e-12,3.2846465e-11,1.6636655e-10,1.5907085e-09,4.793348e-10,1.6457893e-08,3.977519e-08,1.1402086e-10,1.986154e-10,4.517953e-09,1.0169211e-10,3.3674414e-11,1.2910009e-10,1.0240651e-10,1.1544707e-10,1.266226e-11,4.6861017e-09,1.0319271e-12,2.4071686e-11,2.732476e-10,9.525056e-12,2.6296902e-09,5.9703197e-12,1.1046369e-09,3.0998848e-10,3.262816e-10,5.0515717e-11,1.1629917e-08,4.886007e-11,7.930284e-11,2.630177e-10,3.0490468e-09,5.6210366e-11,3.284809e-10,7.282531e-10,7.081095e-11,4.6092358e-10,3.858752e-10,4.85949e-10,1.3123232e-11,3.3453823e-11,2.2674598e-09,1.32519e-10,4.4267434e-10,2.552612e-10,1.9356966e-10,1.3876209e-09,1.0331995e-09,1.1654584e-09,1.0980024e-09,2.0709462e-10,8.7634244e-10,3.4474285e-10,1.0684019e-09,9.4171226e-11,2.9418354e-10,2.0004362e-10,1.9311429e-10,5.1777788e-12,3.2242136e-09,2.468593e-10,4.3071974e-10,9.798955e-10,4.518888e-08,1.8239339e-10,3.9011852e-10,3.5760933e-10,3.525681e-10,3.97848e-10,1.6657681e-08,1.5604538e-10,3.274711e-10,2.4801497e-10,1.5095132e-11,3.0806208e-10,3.5214273e-10,3.075754e-10,8.547667e-10,5.511376e-10,1.7808284e-10,1.37238265e-08,3.440492e-10,8.4488444e-10,4.244079e-10,1.0321935e-10,3.70135e-10,3.0483047e-10,2.594983e-10,7.951289e-11,4.4863578e-11,1.2521654e-13,6.2214455e-14,3.100433e-13,6.5215566e-10,9.446269e-10,2.4689423e-10,5.062892e-11,1.1157882e-09,5.3487756e-11,1.2640441e-10,5.840674e-11,9.981572e-11,3.6203898e-11,9.7242006e-11,1.968411e-10,1.0398922e-09,1.9150131e-10,5.973845e-10,2.1553016e-11,1.2084893e-11,7.2625246e-11,8.0981155e-10,1.9141647e-10,1.4543962e-11,1.2767809e-09,1.2131882e-09,2.903337e-10,5.9597177e-10,6.6915024e-10,3.157386e-10,1.4595143e-09,1.0298855e-09,1.6881401e-08,8.161065e-10,3.7137493e-10,1.9286776e-10,5.2430105e-10,2.497378e-09,9.760659e-10,3.6968544e-09,1.972716e-09,2.0794413e-08,1.736327e-08,8.669683e-10,6.819466e-10,4.4021808e-10,3.3163827e-09,1.2435621e-09,3.0566358e-09,2.7182356e-10,5.624147e-10,6.768342e-10,8.18393e-10,6.593645e-08,1.5503632e-08,2.449202e-08,7.31859e-09,4.9347118e-09,1.3756458e-08,6.8609207e-09,1.2699354e-08,1.05518865e-08,3.5994314e-09,8.4711005e-10,4.1109707e-09,1.6904711e-10,6.472929e-10,1.6821573e-08,1.5696608e-08,7.087662e-09,8.861897e-09,5.077022e-09,8.874497e-09,1.9683182e-09,2.5682825e-09,3.4476766e-09,5.0249667e-09,4.7959907e-09,5.258525e-10,3.719801e-09,3.5305e-10
19,2.5819406e-11,1.08366875e-11,9.782264e-12,1.3976917e-11,3.163861e-13,4.3354873e-12,4.904688e-13,4.005527e-12,5.7812774e-12,2.1668956e-12,4.2882697e-11,2.4505333e-12,1.9864939e-12,5.384487e-14,2.9021948e-11,6.4040434e-14,5.0817752e-14,6.113947e-11,2.237258e-12,2.0469887e-12,5.0142876e-13,2.1296177e-12,4.6130558e-11,5.0934205e-12,5.774374e-13,1.4467755e-11,2.6122073e-12,2.2970437e-14,6.343491e-12,7.658508e-12,6.975392e-12,3.23581e-12,1.0777261e-11,5.5001868e-11,5.2534155e-10,1.5757474e-10,5.449205e-09,1.3180956e-08,3.7435915e-11,6.5059014e-11,1.4932068e-09,3.3398777e-11,1.1045705e-11,4.2776657e-11,3.3686526e-11,3.7997903e-11,4.144187e-12,1.5483919e-09,3.3798726e-13,7.875224e-12,8.949253e-11,3.119411e-12,8.693017e-10,1.9651644e-12,3.6356668e-10,1.020902e-10,1.0755759e-10,1.661276e-11,3.84935e-09,1.608223e-11,2.6093159e-11,8.6242465e-11,1.0035561e-09,1.8483636e-11,1.0781695e-10,2.3939684e-10,2.3276069e-11,1.5238402e-10,1.2756578e-10,1.5905435e-10,4.300169e-12,1.0990569e-11,7.494435e-10,4.371242e-11,1.4512128e-10,8.409862e-11,6.3608785e-11,4.5801452e-10,3.398284e-10,3.8530526e-10,3.6304737e-10,6.8055346e-11,2.8968275e-10,1.1330065e-10,3.5067824e-10,3.1047852e-11,9.642767e-11,6.560876e-11,6.3418125e-11,1.6965476e-12,1.0621751e-09,8.1613744e-11,1.4124937e-10,3.2404907e-10,1.4983362e-08,5.997982e-11,1.2830505e-10,1.1776682e-10,1.1575803e-10,1.3041883e-10,5.5125504e-09,5.155118e-11,1.07774574e-10,8.1234464e-11,4.9447343e-12,1.01239545e-10,1.1599691e-10,1.0116437e-10,2.8191305e-10,1.8123025e-10,5.881638e-11,4.541713e-09,1.13053816e-10,2.7799832e-10,1.395027e-10,3.402272e-11,1.2172187e-10,1.00737446e-10,8.529533e-11,2.6224516e-11,1.4714644e-11,4.1079312e-14,2.0310454e-14,1.0224602e-13,2.1523619e-10,3.1173422e-10,8.1045545e-11,1.6644516e-11,3.6902853e-10,1.7649018e-11,4.1608904e-11,1.9136867e-11,3.2920815e-11,1.1866969e-11,3.2045134e-11,6.44862e-11,3.4294645e-10,6.273005e-11,1.9698904e-10,7.059499e-12,3.9506263e-12,2.396234e-11,2.6759867e-10,6.314535e-11,4.768127e-12,4.2184e-10,4.00857e-10,9.5823474e-11,1.9682983e-10,2.2101947e-10,1.0353098e-10,4.814339e-10,3.4024636e-10,5.5885208e-09,2.6834093e-10,1.2243553e-10,6.350971e-11,1.7238834e-10,8.255665e-10,3.2229097e-10,1.2176814e-09,6.4922223e-10,6.8832753e-09,5.742661e-09,2.8579092e-10,2.2498461e-10,1.445274e-10,1.0927346e-09,4.0883807e-10,1.0059539e-09,8.951644e-11,1.8545203e-10,2.2260564e-10,2.6976157e-10,2.1973365e-08,5.1253757e-09,8.0977305e-09,2.4211746e-09,1.6320552e-09,4.547728e-09,2.272546e-09,4.207281e-09,3.4892251e-09,1.1925151e-09,2.78357e-10,1.3616585e-09,5.5621792e-11,2.1206828e-10,5.5679545e-09,5.200507e-09,2.345456e-09,2.9325893e-09,1.6802755e-09,2.9392484e-09,6.5157746e-10,8.5048873e-10,1.1412655e-09,1.6640459e-09,1.5882521e-09,1.7293839e-10,1.2313072e-09,1.157396e-10
20,8.497976e-12,3.57385e-12,3.2384046e-12,4.601476e-12,1.0416288e-13,1.4294524e-12,1.6154585e-13,1.3156862e-12,1.8997024e-12,7.110369e-13,1.4171126e-11,8.1115713e-13,6.536101e-13,1.772671e-14,9.579811e-12,2.1039705e-14,1.6792003e-14,2.0170924e-11,7.3849e-13,6.7234353e-13,1.6478365e-13,6.9895863e-13,1.522078e-11,1.6754525e-12,1.8971324e-13,4.762977e-12,8.5798014e-13,7.5831234e-15,2.0850478e-12,2.5149208e-12,2.2975643e-12,1.0669232e-12,3.5474416e-12,1.8204873e-11,1.7374366e-10,5.1939862e-11,1.8055384e-09,4.370173e-09,1.23281715e-11,2.1388679e-11,4.941002e-10,1.10011306e-11,3.6349402e-12,1.418262e-11,1.1108671e-11,1.2536069e-11,1.3615859e-12,5.122725e-10,1.1110908e-13,2.5865872e-12,2.9417555e-11,1.0253604e-12,2.8769168e-10,6.4835816e-13,1.1994292e-10,3.369578e-11,3.5524337e-11,5.4774124e-12,1.2751162e-09,5.3057537e-12,8.6063726e-12,2.8374015e-11,3.3108263e-10,6.0937835e-12,3.549805e-11,7.890929e-11,7.6717166e-12,5.043478e-11,4.2219034e-11,5.225884e-11,1.414048e-12,3.6209987e-12,2.480006e-10,1.4444203e-11,4.773651e-11,2.7765146e-11,2.096066e-11,1.5141627e-10,1.120577e-10,1.2752462e-10,1.2016872e-10,2.2426498e-11,9.586665e-11,3.733773e-11,1.1545571e-10,1.0255731e-11,3.1716633e-11,2.1588514e-11,2.088812e-11,5.5788046e-13,3.506528e-10,2.7013013e-11,4.6474494e-11,1.0727324e-10,4.9698476e-09,1.9775518e-11,4.2306738e-11,3.8868492e-11,3.8120174e-11,4.289893e-11,1.8258274e-09,1.7052778e-11,3.555358e-11,2.6704984e-11,1.6255839e-12,3.336341e-11,3.829172e-11,3.335914e-11,9.314549e-11,5.974728e-11,1.9452797e-11,1.5042897e-09,3.7253832e-11,9.169438e-11,4.5979835e-11,1.1236257e-11,4.0133372e-11,3.3332e-11,2.8112514e-11,8.664623e-12,4.8422455e-12,1.3520312e-14,6.660716e-15,3.3779566e-14,7.115001e-11,1.0304234e-10,2.668509e-11,5.4866446e-12,1.2217449e-10,5.833224e-12,1.3728347e-11,6.2924544e-12,1.0877282e-11,3.903316e-12,1.05813015e-11,2.1202007e-11,1.13305705e-10,2.0622936e-11,6.5076666e-11,2.3206654e-12,1.2968217e-12,7.919447e-12,8.853814e-11,2.0866716e-11,1.5685244e-12,1.3955467e-10,1.326201e-10,3.1676543e-11,6.5098e-11,7.310335e-11,3.4062225e-11,1.5908422e-10,1.125569e-10,1.8514843e-09,8.846464e-11,4.0441445e-11,2.0959574e-11,5.6827845e-11,2.7322472e-10,1.0657589e-10,4.0194134e-10,2.1416705e-10,2.2802347e-09,1.9011765e-09,9.439052e-11,7.435264e-11,4.7594748e-11,3.6078474e-10,1.3476847e-10,3.3184958e-10,2.9544762e-11,6.126473e-11,7.339753e-11,8.909319e-11,7.3157986e-09,1.6962632e-09,2.6801976e-09,8.01727e-10,5.403132e-10,1.5050792e-09,7.5320417e-10,1.3946625e-09,1.1549901e-09,3.9531134e-10,9.172037e-11,4.5129844e-10,1.8345499e-11,6.972661e-11,1.8444666e-09,1.7239642e-09,7.7682266e-10,9.71283e-10,5.565596e-10,9.741115e-10,2.1586062e-10,2.8183278e-10,3.78082e-10,5.514328e-10,5.263245e-10,5.7020784e-11,4.0790474e-10,3.8071837e-11
21,2.8035105e-12,1.1807599e-12,1.0729053e-12,1.5183352e-12,3.4371276e-14,4.721901e-13,5.3323184e-14,4.334141e-13,6.259796e-13,2.340558e-13,4.6888582e-12,2.6872078e-13,2.1557853e-13,5.8492673e-15,3.1671172e-12,6.9320185e-15,5.5557086e-15,6.665967e-12,2.441481e-13,2.2147923e-13,5.4302405e-14,2.3011606e-13,5.030549e-12,5.525157e-13,6.250588e-14,1.5716217e-12,2.8262386e-13,2.5071966e-15,6.871923e-13,8.2830216e-13,7.584055e-13,3.5244615e-13,1.1703991e-12,6.0306283e-12,5.7521106e-11,1.7153867e-11,5.9856886e-10,1.4494816e-09,4.0687427e-12,7.0503716e-12,1.6364135e-10,3.631337e-12,1.199053e-12,4.704273e-12,3.6699433e-12,4.1429317e-12,4.486193e-13,1.6963955e-10,3.6623655e-14,8.520271e-13,9.6958995e-12,3.379515e-13,9.529044e-11,2.1427462e-13,3.9637845e-11,1.1139281e-11,1.1749525e-11,1.8093544e-12,4.2264325e-10,1.7534327e-12,2.8436897e-12,9.358025e-12,1.0941344e-10,2.0128471e-12,1.171379e-11,2.6060753e-11,2.5335576e-12,1.6706213e-11,1.398441e-11,1.72183e-11,4.661969e-13,1.1954757e-12,8.213845e-11,4.7790166e-12,1.574163e-11,9.180585e-12,6.9210328e-12,5.0114628e-11,3.7019207e-11,4.2241596e-11,3.980771e-11,7.405218e-12,3.1752736e-11,1.2328959e-11,3.809752e-11,3.3923446e-12,1.0458419e-11,7.120745e-12,6.894788e-12,1.8392774e-13,1.1593643e-10,8.948389e-12,1.5328272e-11,3.553908e-11,1.6488962e-09,6.532331e-12,1.397607e-11,1.28490074e-11,1.2580768e-11,1.4146101e-11,6.051207e-10,5.6464052e-12,1.1748895e-11,8.802419e-12,5.3583223e-13,1.1017045e-11,1.2660132e-11,1.1020589e-11,3.0815926e-11,1.9734348e-11,6.440375e-12,4.9856e-10,1.2300968e-11,3.029767e-11,1.5184782e-11,3.7161437e-12,1.325739e-11,1.103892e-11,9.283951e-12,2.8665297e-12,1.597319e-12,4.4603806e-15,2.1916327e-15,1.1174651e-14,2.3547348e-11,3.4100608e-11,8.80591e-12,1.8121332e-12,4.0478898e-11,1.9303031e-12,4.5371675e-12,2.074444e-12,3.5986307e-12,1.287151e-12,3.4990591e-12,6.9891623e-12,3.7484273e-11,6.797874e-12,2.1527322e-11,7.649133e-13,4.2699397e-13,2.620554e-12,2.9320935e-11,6.9042207e-12,5.1726944e-13,4.62121e-11,4.3917564e-11,1.0483562e-11,2.1552241e-11,2.4203799e-11,1.1234092e-11,5.2634605e-11,3.7271027e-11,6.137496e-10,2.922007e-11,1.3376612e-11,6.9282913e-12,1.8768938e-11,9.050154e-11,3.5280754e-11,1.3288205e-10,7.077179e-11,7.558177e-10,6.298745e-10,3.1218795e-11,2.460249e-11,1.5708214e-11,1.1929605e-10,4.4510437e-11,1.0966096e-10,9.766828e-12,2.0266244e-11,2.4245252e-11,2.946621e-11,2.434031e-09,5.618479e-10,8.8780955e-10,2.656611e-10,1.7901197e-10,4.985207e-10,2.4975483e-10,4.625099e-10,3.8261846e-10,1.3109835e-10,3.028364e-11,1.4964492e-10,6.061501e-12,2.2985471e-11,6.113696e-10,5.7173044e-10,2.574507e-10,3.2189773e-10,1.8446407e-10,3.2299025e-10,7.15536e-11,9.344058e-11,1.2532504e-10,1.8282674e-10,1.7450416e-10,1.8835777e-11,1.3520947e-10,1.2554674e-11
22,9.264703e-13,3.906239e-13,3.556649e-13,5.0183116e-13,1.1360509e-14,1.5619232e-13,1.7628645e-14,1.4307725e-13,2.0669081e-13,7.722401e-14,1.5528411e-12,8.907507e-14,7.123015e-14,1.9332852e-15,1.0482528e-12,2.2886426e-15,1.8398411e-15,2.205658e-12,8.0808834e-14,7.3113506e-14,1.793088e-14,7.593269e-14,1.6646618e-12,1.8253709e-13,2.0636846e-14,5.194476e-13,9.3295583e-14,8.2987735e-16,2.2693493e-13,2.7339752e-13,2.5073522e-13,1.1658506e-13,3.86803e-13,1.9989596e-12,1.905797e-11,5.6733502e-12,1.9851608e-10,4.808925e-10,1.3449803e-12,2.3285148e-12,5.423198e-11,1.2005219e-12,3.962217e-13,1.56084e-12,1.2140488e-12,1.3708696e-12,1.4811729e-13,5.62151e-11,1.2095392e-14,2.8125782e-13,3.2019777e-12,1.11606545e-13,3.158226e-11,7.0903176e-14,1.3115597e-11,3.6867297e-12,3.8900922e-12,5.9850193e-13,1.4014999e-10,5.8019475e-13,9.408168e-13,3.0918792e-12,3.6202992e-11,6.6578774e-13,3.8717037e-12,8.619112e-12,8.379004e-13,5.537215e-12,4.6349886e-12,5.68474e-12,1.5399184e-13,3.9528797e-13,2.7222101e-11,1.5826692e-12,5.200426e-12,3.0389337e-12,2.2886367e-12,1.660051e-11,1.2246073e-11,1.40007875e-11,1.3194772e-11,2.4487983e-12,1.05237164e-11,4.076967e-12,1.25919e-11,1.123233e-12,3.4549523e-12,2.3528284e-12,2.2794156e-12,6.0754156e-14,3.837478e-11,2.9660753e-12,5.06454e-12,1.1780658e-11,5.4718013e-10,2.1607458e-12,4.623262e-12,4.2525428e-12,4.158665e-12,4.673255e-12,2.0064568e-10,1.8709411e-12,3.8873757e-12,2.9070685e-12,1.7696748e-13,3.6433e-12,4.1904683e-12,3.64567e-12,1.020475e-11,6.527193e-12,2.1338684e-12,1.6531335e-10,4.0676984e-12,1.0023837e-11,5.0219403e-12,1.2303144e-12,4.3853324e-12,3.6583267e-12,3.0703682e-12,9.492423e-13,5.27834e-13,1.4740141e-15,7.2288433e-16,3.7002706e-15,7.79975e-12,1.1294979e-11,2.9106283e-12,5.993631e-13,1.3418978e-11,6.3933684e-13,1.5013676e-12,6.851904e-13,1.191704e-12,4.2523328e-13,1.1583209e-12,2.3083638e-12,1.241263e-11,2.2450906e-12,7.128212e-12,2.5261694e-13,1.4090848e-13,8.6792574e-13,9.716741e-12,2.2865258e-12,1.7089599e-13,1.5313428e-11,1.4553516e-11,3.4725664e-12,7.140788e-12,8.019599e-12,3.711735e-12,1.7430914e-11,1.2350367e-11,2.0353848e-10,9.664863e-12,4.4289845e-12,2.2928846e-12,6.207596e-12,2.9996026e-11,1.1688519e-11,4.39808e-11,2.3416054e-11,2.5063676e-10,2.087986e-10,1.0335904e-11,8.148088e-12,5.1926675e-12,3.9489e-11,1.4721268e-11,3.6283438e-11,3.2324525e-12,6.7106143e-12,8.019715e-12,9.755582e-12,8.094072e-10,1.8621436e-10,2.9426261e-10,8.807541e-11,5.934188e-11,1.6522532e-10,8.284477e-11,1.5342995e-10,1.2682567e-10,4.3490163e-11,1.00136765e-11,4.963762e-11,2.0053588e-12,7.591648e-12,2.0273533e-10,1.8966571e-10,8.5363834e-11,1.0673274e-10,6.1166384e-11,1.0713356e-10,2.3728823e-11,3.0991622e-11,4.1560227e-11,6.06388e-11,5.7878948e-11,6.2305074e-12,4.483794e-11,4.1475963e-12
23,3.0655166e-13,1.2935224e-13,1.1795176e-13,1.6606338e-13,3.7594566e-15,5.171748e-14,5.834722e-15,4.7304954e-14,6.834844e-14,2.5522277e-14,5.146117e-13,2.9539407e-14,2.3566005e-14,6.397596e-16,3.4724085e-13,7.567471e-16,6.0970363e-16,7.304798e-13,2.6768731e-14,2.4173217e-14,5.929586e-15,2.5097547e-14,5.513477e-13,6.0386016e-14,6.8237262e-15,1.7189524e-13,3.0845027e-14,2.7491338e-16,7.505044e-14,9.038323e-14,8.2989855e-14,3.8603313e-14,1.2799218e-13,6.628897e-13,6.3178594e-12,1.8783096e-12,6.5857736e-11,1.595782e-10,4.451223e-13,7.701199e-13,1.7981635e-11,3.9734508e-13,1.3109689e-13,5.1798285e-13,4.020105e-13,4.5402516e-13,4.8976323e-14,1.8638067e-11,4.0003227e-15,9.29889e-14,1.0589356e-12,3.6910538e-14,1.0472245e-11,2.348305e-14,4.3437285e-12,1.221217e-12,1.2889199e-12,1.9817146e-13,4.6489798e-11,1.9215667e-13,3.1155764e-13,1.0228848e-12,1.19898536e-11,2.204449e-13,1.2812309e-12,2.853568e-12,2.774018e-13,1.8361274e-12,1.5369279e-12,1.8796718e-12,5.0936208e-14,1.308483e-13,9.026213e-12,5.24493e-13,1.7203103e-12,1.006754e-12,7.5761885e-13,5.502331e-12,4.0550206e-12,4.6426175e-12,4.375514e-12,8.1065287e-13,3.489485e-12,1.3496236e-12,4.166858e-12,3.7218538e-13,1.1428793e-12,7.7841845e-13,7.5443753e-13,2.0095738e-14,1.2712376e-11,9.835915e-13,1.6755196e-12,3.906774e-12,1.8160669e-10,7.15441e-13,1.5308771e-12,1.4086346e-12,1.3762901e-12,1.545903e-12,6.655349e-11,6.2026767e-13,1.2874079e-12,9.614448e-13,5.852964e-14,1.2061125e-12,1.3881792e-12,1.2071878e-12,3.3816832e-12,2.161076e-12,7.0740093e-13,5.483413e-11,1.3465602e-12,3.3194608e-12,1.6626007e-12,4.07635e-13,1.452041e-12,1.2129793e-12,1.0164911e-12,3.1455887e-13,1.7464517e-13,4.8772496e-16,2.38857e-16,1.2261448e-15,2.58519e-12,3.743569e-12,9.632021e-13,1.9844434e-13,4.4503073e-12,2.1189372e-13,4.9725686e-13,2.2663411e-13,3.9491438e-13,1.4067224e-13,3.8375005e-13,7.6346834e-13,4.113245e-12,7.425192e-13,2.3620225e-12,8.354766e-14,4.6576228e-14,2.876468e-13,3.221675e-12,7.577602e-13,5.6535726e-14,5.077086e-12,4.8252487e-12,1.1509719e-12,2.3672403e-12,2.6586426e-12,1.2279524e-12,5.7765147e-12,4.0946465e-12,6.752096e-11,3.2000032e-12,1.467519e-12,7.594752e-13,2.05519e-12,9.946552e-12,3.874655e-12,1.4568744e-11,7.754745e-12,8.3140946e-11,6.924408e-11,3.4245805e-12,2.7003606e-12,1.7185464e-12,1.3081983e-11,4.873878e-12,1.2016129e-11,1.0707304e-12,2.223637e-12,2.6553584e-12,3.2322964e-12,2.6905556e-10,6.1746025e-11,9.7576815e-11,2.9211227e-11,1.9679836e-11,5.478627e-11,2.748705e-11,5.090983e-11,4.2057007e-11,1.4430651e-11,3.3147517e-12,1.6469196e-11,6.640731e-13,2.5108739e-12,6.7250996e-11,6.2934165e-11,2.8314502e-11,3.5402386e-11,2.0289142e-11,3.5544907e-11,7.871545e-12,1.02819584e-11,1.3786634e-11,2.0117946e-11,1.9202443e-11,2.062978e-12,1.4873915e-11,1.372036e-12
24,1.0152513e-13,4.2864292e-14,3.9129463e-14,5.500168e-14,1.2451926e-15,1.7136947e-14,1.9327962e-15,1.5657807e-14,2.262599e-14,8.4454386e-15,1.7062728e-13,9.799142e-15,7.8040584e-15,2.1189614e-16,1.1509654e-13,2.504965e-16,2.0215159e-16,2.4208568e-13,8.8728565e-15,8.001317e-15,1.9629737e-15,8.305389e-15,1.8273008e-13,1.9996054e-14,2.2588041e-15,5.693407e-14,1.0209403e-14,9.112553e-17,2.4846461e-14,2.991459e-14,2.7491418e-14,1.279153e-14,4.2390662e-14,2.1989858e-13,2.0952862e-12,6.223354e-13,2.1853176e-11,5.2962267e-11,1.4743998e-13,2.5496825e-13,5.9643115e-12,1.3162197e-13,4.341616e-14,1.7192411e-13,1.3321404e-13,1.5047116e-13,1.6212253e-14,6.1817795e-12,1.3244053e-15,3.0778745e-14,3.50571e-13,1.2219901e-14,3.4736625e-12,7.782727e-15,1.439555e-12,4.0477563e-13,4.272992e-13,6.566508e-14,1.5425196e-11,6.3683684e-14,1.0324595e-13,3.3872368e-13,3.973508e-12,7.30442e-14,4.2436034e-13,9.454615e-13,9.1909336e-14,6.090621e-13,5.0980926e-13,6.2220075e-13,1.6865298e-14,4.3348554e-14,2.9939504e-12,1.7390345e-13,5.696384e-13,3.337208e-13,2.5099668e-13,1.8246082e-12,1.3436977e-12,1.5400015e-12,1.4514423e-12,2.6857084e-13,1.15746e-12,4.471259e-13,1.3800986e-12,1.2339099e-13,3.7842995e-13,2.577779e-13,2.4991202e-13,6.653797e-15,4.2137517e-12,3.2628078e-13,5.548454e-13,1.2959999e-12,6.028117e-11,2.3706232e-13,5.072776e-13,4.6689546e-13,4.5586907e-13,5.1188285e-13,2.2081384e-11,2.0571687e-13,4.2664822e-13,3.183057e-13,1.937802e-14,3.9959472e-13,4.6014137e-13,4.0002168e-13,1.1212089e-12,7.160403e-13,2.3460755e-13,1.8193148e-11,4.4611355e-13,1.1000222e-12,5.508542e-13,1.3513585e-13,4.811404e-13,4.0233087e-13,3.3678323e-13,1.04291996e-13,5.7838825e-14,1.6152737e-16,7.902556e-17,4.065162e-16,8.5724646e-13,1.2413391e-12,3.1902787e-13,6.5752904e-14,1.476366e-12,7.026116e-14,1.6480158e-13,7.503798e-14,1.3093639e-13,4.6581652e-14,1.2720958e-13,2.5276875e-13,1.363737e-12,2.4582772e-13,7.831007e-13,2.7660498e-14,1.5413852e-14,9.537798e-14,1.0685738e-12,2.5124884e-13,1.8721263e-14,1.6839276e-12,1.6004264e-12,3.8166275e-13,7.8508684e-13,8.817458e-13,4.066311e-13,1.915271e-12,1.3580681e-12,2.2404356e-11,1.0602972e-12,4.8651903e-13,2.517217e-13,6.80939e-13,3.2993673e-12,1.2849675e-12,4.828895e-12,2.5698974e-12,2.7586197e-11,2.297066e-11,1.1352906e-12,8.953668e-13,5.6925016e-13,4.3363793e-12,1.6148489e-12,3.9821254e-12,3.5489444e-13,7.372177e-13,8.798432e-13,1.071547e-12,8.941153e-11,2.0481209e-11,3.2367196e-11,9.691048e-12,6.5285494e-12,1.8172634e-11,9.121674e-12,1.6895431e-11,1.3951195e-11,4.789125e-12,1.0981341e-12,5.465346e-12,2.2006092e-13,8.313013e-13,2.2313885e-11,2.0886168e-11,9.394201e-12,1.17458205e-11,6.7317276e-12,1.1795479e-11,2.611845e-12,3.4119198e-12,4.5744944e-12,6.675868e-12,6.3721025e-12,6.835695e-13,4.9352605e-12,4.5431646e-13
25,3.3646158e-14,1.4211597e-14,1.2983864e-14,1.8228938e-14,4.126955e-16,5.681502e-15,6.40648e-16,5.1869604e-15,7.496033e-15,2.797156e-15,5.65949e-14,3.2514603e-15,2.586172e-15,7.0228276e-17,3.8167206e-14,8.298563e-17,6.7049884e-17,8.02684e-14,2.9423568e-15,2.650616e-15,6.5034893e-16,2.7508911e-15,6.0590435e-14,6.6261588e-15,7.483173e-16,1.8869646e-14,3.382014e-15,3.021882e-17,8.232125e-15,9.909354e-15,9.112449e-15,4.2408488e-15,1.40489935e-14,7.296416e-14,6.9510413e-13,2.0631194e-13,7.2526126e-12,1.7579641e-11,4.8868058e-14,8.447786e-14,1.9788305e-12,4.3627086e-14,1.4388222e-14,5.706952e-14,4.416633e-14,4.9892965e-14,5.370932e-15,2.050919e-12,4.3881069e-16,1.0196033e-14,1.1614936e-13,4.0487328e-15,1.1525193e-12,2.5806013e-15,4.773181e-13,1.3422541e-13,1.4171482e-13,2.1770141e-14,5.1189938e-12,2.1116132e-14,3.423179e-14,1.1224554e-13,1.3174946e-12,2.4216277e-14,1.4064466e-13,3.1343103e-13,3.0468768e-14,2.0208326e-13,1.6915031e-13,2.0612433e-13,5.588335e-15,1.436941e-14,9.933426e-13,5.768168e-14,1.8875732e-13,1.10670696e-13,8.320277e-14,6.052555e-13,4.4549157e-13,5.1096285e-13,4.8159014e-13,8.9029526e-14,3.8402913e-13,1.4821735e-13,4.5739817e-13,4.0924214e-14,1.2539615e-13,8.542392e-14,8.283584e-14,2.2047306e-15,1.3973465e-12,1.0826169e-13,1.838646e-13,4.3002586e-13,2.0010937e-11,7.859328e-14,1.6818269e-13,1.5482484e-13,1.5109345e-13,1.696179e-13,7.327687e-12,6.8247755e-14,1.4146219e-13,1.0546189e-13,6.4205652e-15,1.324649e-13,1.5259152e-13,1.3262365e-13,3.7188167e-13,2.3737978e-13,7.783064e-14,6.0373963e-12,1.4788255e-13,3.6471767e-13,1.8261212e-13,4.4817662e-14,1.5951349e-13,1.3348468e-13,1.1164589e-13,3.459119e-14,1.9168042e-14,5.3531476e-17,2.6170201e-17,1.3482872e-16,2.8435945e-13,4.1176172e-13,1.0573532e-13,2.1798706e-14,4.898883e-13,2.330593e-14,5.4645294e-14,2.4863399e-14,4.3429205e-14,1.5435913e-14,4.2186845e-14,8.3749685e-14,4.52317e-13,8.1448696e-14,2.5972936e-13,9.164695e-15,5.105498e-15,3.1636816e-14,3.545253e-13,8.3336665e-14,6.20377e-15,5.5867084e-13,5.3097424e-13,1.2660278e-13,2.604507e-13,2.9252103e-13,1.347486e-13,6.352665e-13,4.5055875e-13,7.435362e-12,3.5151352e-13,1.6135792e-13,8.347008e-14,2.2573877e-13,1.0947109e-12,4.2627355e-13,1.601292e-12,8.520822e-13,9.15479e-12,7.6219465e-12,3.7651707e-13,2.969872e-13,1.8867641e-13,1.4380386e-12,5.353411e-13,1.3203293e-12,1.1768413e-13,2.4451044e-13,2.9169047e-13,3.5537735e-13,2.9706612e-11,6.7953997e-12,1.0739232e-11,3.2157762e-12,2.1662693e-12,6.0294387e-12,3.0274936e-12,5.6078163e-12,4.629037e-12,1.5895809e-12,3.6401172e-13,1.8139508e-12,7.296145e-14,2.7543498e-13,7.405111e-12,6.93245e-12,3.1174334e-12,3.89781e-12,2.233947e-12,3.9148762e-12,8.6678646e-13,1.1323745e-12,1.5181191e-12,2.2156426e-12,2.1148343e-12,2.2662316e-13,1.6378457e-12,1.5054388e-13
26,1.1156101e-14,4.7136397e-15,4.3090214e-15,6.044435e-15,1.3684537e-16,1.884363e-15,2.1244652e-16,1.7193234e-15,2.4848952e-15,9.27039e-16,1.8776937e-14,1.0790613e-15,8.574652e-16,2.3286764e-17,1.2660873e-14,2.7508153e-17,2.2245368e-17,2.6624333e-14,9.760493e-16,8.786073e-16,2.1559013e-16,9.117351e-16,2.0097983e-14,2.1968816e-15,2.4805609e-16,6.256959e-15,1.1210242e-15,1.00243884e-17,2.7290148e-15,3.2845553e-15,3.0218197e-15,1.4065468e-15,4.6583504e-15,2.4214478e-14,2.306508e-13,6.842312e-14,2.407288e-12,5.835673e-12,1.620455e-14,2.8005413e-14,6.566655e-13,1.446709e-14,4.7706827e-15,1.8945447e-14,1.4648766e-14,1.654939e-14,1.7803788e-15,6.805724e-13,1.4547097e-16,3.3796822e-15,3.850384e-14,1.3421953e-15,3.8246592e-13,8.559847e-16,1.5832354e-13,4.4524812e-14,4.7014218e-14,7.220379e-15,1.6990215e-12,7.0041845e-15,1.1354028e-14,3.7214928e-14,4.3700075e-13,8.031611e-15,4.663576e-14,1.0394868e-13,1.0104863e-14,6.7062736e-14,5.6133385e-14,6.832597e-14,1.8527048e-15,4.7653248e-15,3.2963953e-13,1.9137568e-14,6.258038e-14,3.671318e-14,2.7592684e-14,2.0082422e-13,1.4775644e-13,1.6956637e-13,1.5982146e-13,2.952531e-14,1.2744039e-13,4.9153508e-14,1.5166563e-13,1.3577031e-14,4.1573248e-14,2.832274e-14,2.7469217e-14,7.309319e-16,4.635346e-13,3.5928336e-14,6.096046e-14,1.4271212e-13,6.6432415e-12,2.6066399e-14,5.578102e-14,5.1358094e-14,5.0101918e-14,5.6234568e-14,2.4320435e-12,2.2646535e-14,4.6921394e-14,3.4961525e-14,2.1285275e-15,4.393043e-14,5.0618818e-14,4.398729e-14,1.2337996e-13,7.8727504e-14,2.5826004e-14,2.0038023e-12,4.9042682e-14,1.2096946e-13,6.0562354e-14,1.4868262e-14,5.2904763e-14,4.4296272e-14,3.702676e-14,1.1476321e-14,6.355546e-15,1.7749542e-17,8.672556e-18,4.473133e-17,9.434954e-14,1.3661969e-13,3.5060506e-14,7.229736e-15,1.6258249e-13,7.7327e-15,1.8125892e-14,8.24285e-15,1.4408695e-14,5.1177345e-15,1.3994961e-14,2.776414e-14,1.5006461e-13,2.7001045e-14,8.616881e-14,3.0382233e-15,1.6921681e-15,1.04966966e-14,1.1764649e-13,2.7649437e-14,2.0568512e-15,1.8538744e-13,1.7619825e-13,4.2006505e-14,8.6423456e-14,9.70661e-14,4.467581e-14,2.1076633e-13,1.4951129e-13,2.4679035e-12,1.1658196e-13,5.353153e-14,2.7687955e-14,7.486566e-14,3.632876e-13,1.4144451e-13,5.311769e-13,2.826232e-13,3.038537e-12,2.5294964e-12,1.2490909e-13,9.853514e-14,6.25652e-14,4.770394e-13,1.7754464e-13,4.3793533e-13,3.903769e-14,8.111941e-14,9.67415e-14,1.1789632e-13,9.868344e-12,2.2550625e-12,3.563883e-12,1.0672616e-12,7.189246e-13,2.000876e-12,1.0049358e-12,1.8614897e-12,1.5362043e-12,5.276562e-13,1.207158e-13,6.021157e-13,2.4199658e-14,9.1310484e-14,2.4578065e-12,2.3012098e-12,1.0346633e-12,1.293667e-12,7.414493e-13,1.2994768e-12,2.8769643e-13,3.7586522e-13,5.038795e-13,7.3543174e-13,7.0197255e-13,7.5162004e-14,5.436182e-13,4.9911132e-14
27,3.7003956e-15,1.5638421e-15,1.4302394e-15,2.0049528e-15,4.5392416e-17,6.2516225e-16,7.047333e-17,5.701586e-16,8.24082e-16,3.073903e-16,6.2310344e-15,3.5815496e-16,2.8440635e-16,7.724309e-18,4.20092e-15,9.122412e-18,7.38194e-18,8.83345e-15,3.238583e-16,2.91364e-16,7.149826e-17,3.0232297e-16,6.6682982e-15,7.286498e-16,8.226266e-17,2.0754679e-15,3.7174852e-16,3.3261656e-18,9.050676e-16,1.0891948e-15,1.0024117e-15,4.6664e-16,1.5451668e-15,8.037087e-15,7.6547926e-14,2.2699351e-14,7.99101e-13,1.9373138e-12,5.375243e-15,9.287948e-15,2.1794396e-13,4.7990142e-15,1.5823925e-15,6.289693e-15,4.859987e-15,5.490859e-15,5.904239e-16,2.2587485e-13,4.8245253e-17,1.1207652e-15,1.2769475e-14,4.451359e-16,1.2694044e-13,2.8400517e-16,5.2529077e-14,1.4773324e-14,1.5600555e-14,2.3954424e-15,5.639727e-13,2.3238957e-15,3.766962e-15,1.2343293e-14,1.4498835e-13,2.6645638e-15,1.5469212e-14,3.4484846e-14,3.3522705e-15,2.2258364e-14,1.8630776e-14,2.2658562e-14,6.1447365e-16,1.5808311e-15,1.09406584e-13,6.3507286e-15,2.0755933e-14,1.21818915e-14,9.153513e-15,6.664597e-14,4.902055e-14,5.627965e-14,5.3045916e-14,9.7947095e-15,4.2297342e-14,1.6306011e-14,5.030767e-14,4.505299e-15,1.3788416e-14,9.394098e-15,9.112124e-15,2.424218e-16,1.5380342e-13,1.192499e-14,2.0219191e-14,4.7367926e-14,2.205528e-12,8.6477736e-15,1.8506184e-14,1.7040646e-14,1.6619315e-14,1.8651134e-14,8.0727796e-13,7.515988e-15,1.5567537e-14,1.1594847e-14,7.0593293e-16,1.4573561e-14,1.6795735e-14,1.4593456e-14,4.094253e-14,2.6118002e-14,8.5711e-15,6.6513125e-13,1.6269297e-14,4.0134322e-14,2.009135e-14,4.9336586e-15,1.75517e-14,1.470172e-14,1.2283501e-14,3.808295e-15,2.1080823e-15,5.887401e-18,2.8754661e-18,1.4843414e-17,3.1310766e-14,4.5338126e-14,1.1629715e-14,2.3985216e-15,5.3964137e-14,2.5661378e-15,6.013962e-15,2.7338158e-15,4.7814214e-15,1.6974259e-15,4.6437434e-15,9.207959e-15,4.979719e-14,8.954811e-15,2.8593816e-14,1.0076285e-15,5.6111687e-16,3.4833544e-15,3.904604e-14,9.17538e-15,6.8220806e-16,6.1528e-14,5.84786e-14,1.3940277e-14,2.868208e-14,3.2214377e-14,1.4817891e-14,6.994153e-14,4.962096e-14,8.19212e-13,3.8676737e-14,1.7763333e-14,9.186748e-15,2.4836563e-14,1.2057659e-13,4.6941712e-14,1.7624469e-13,9.3767726e-14,1.0086141e-12,8.395738e-13,4.1447772e-14,3.2698738e-14,2.0753744e-14,1.5828593e-13,5.890019e-14,1.4529701e-13,1.2952673e-14,2.6918168e-14,3.2094604e-14,3.912086e-14,3.2778153e-12,7.484538e-13,1.1828639e-12,3.5424883e-13,2.386219e-13,6.640893e-13,3.3360147e-13,6.179582e-13,5.098783e-13,1.7516633e-13,4.0045387e-14,1.9987992e-13,8.028737e-15,3.028309e-14,8.1584625e-13,7.639354e-13,3.4343858e-13,4.2941028e-13,2.4611408e-13,4.3137483e-13,9.549918e-14,1.2477057e-13,1.6725953e-13,2.4413094e-13,2.3302446e-13,2.4935617e-14,1.8045063e-13,1.655394e-14
28,1.2277251e-15,5.189439e-16,4.747664e-16,6.6522204e-16,1.5060845e-17,2.0745047e-16,2.3383377e-17,1.89137e-16,2.7338182e-16,1.0196179e-16,2.06805e-15,1.1888809e-16,9.4358914e-17,2.5628535e-18,1.3941349e-15,3.0262022e-18,2.450011e-18,2.9313591e-15,1.07477476e-16,9.665387e-17,2.3719083e-17,1.002827e-16,2.2129013e-15,2.4174344e-16,2.7289456e-17,6.886236e-16,1.2331823e-16,1.1038451e-18,3.002546e-16,3.613101e-16,3.3260604e-16,1.5484715e-16,5.1266537e-16,2.6678732e-15,2.540775e-14,7.532199e-15,2.6528042e-13,6.4317605e-13,1.783486e-15,3.08127e-15,7.234259e-14,1.5923217e-15,5.250082e-16,2.0881969e-15,1.6127279e-15,1.8221504e-15,1.9586405e-16,7.4974207e-14,1.6005346e-17,3.7178902e-16,4.236201e-15,1.4767344e-16,4.213608e-14,9.4247874e-17,1.7431731e-14,4.902697e-15,5.1775312e-15,7.94887e-16,1.8721941e-13,7.711899e-16,1.250036e-15,4.095129e-15,4.8113958e-14,8.8418715e-16,5.132522e-15,1.1442888e-14,1.1123618e-15,7.388405e-15,6.1842515e-15,7.5165644e-15,2.038581e-16,5.245432e-16,3.6315772e-14,2.1077822e-15,6.8860755e-15,4.0428167e-15,3.0372721e-15,2.2120311e-14,1.6266807e-14,1.868137e-14,1.7608131e-14,3.2500502e-15,1.4039971e-14,5.4105708e-15,1.6691496e-14,1.4952448e-15,4.574472e-15,3.116708e-15,3.0234335e-15,8.0425626e-17,5.1042094e-14,3.958425e-15,6.7081325e-15,1.5723552e-14,7.32251e-13,2.8696043e-15,6.1410126e-15,5.655145e-15,5.5142074e-15,6.187754e-15,2.67985e-13,2.4947265e-15,5.166026e-15,3.8465617e-15,2.341956e-16,4.835778e-15,5.5739634e-15,4.842633e-15,1.35885015e-14,8.66663e-15,2.84492e-15,2.2079799e-13,5.398402e-15,1.3318215e-14,6.6667515e-15,1.6373839e-15,5.8242185e-15,4.8799758e-15,4.0759357e-15,1.2639385e-15,6.9942327e-16,1.953337e-18,9.53745e-19,4.926343e-18,1.03922184e-14,1.5047883e-14,3.8586306e-15,7.959034e-16,1.7913376e-14,8.517084e-16,1.9957532e-15,9.069639e-16,1.5869225e-15,5.631544e-16,1.541133e-15,3.0547405e-15,1.6527192e-14,2.9707423e-15,9.489932e-15,3.3428224e-16,1.8612891e-16,1.156128e-15,1.2960575e-14,3.0452764e-15,2.2633618e-16,2.0422838e-14,1.9410748e-14,4.626863e-15,9.520153e-15,1.069265e-14,4.9161276e-15,2.3213189e-14,1.6470525e-14,2.7195417e-13,1.2834061e-14,5.8953574e-15,3.0487018e-15,8.241352e-15,4.002404e-14,1.5580726e-14,5.848888e-14,3.111626e-14,3.3482578e-13,2.7869292e-13,1.3755645e-14,1.0852633e-14,6.886046e-15,5.2530046e-14,1.9544462e-14,4.8216033e-14,4.298487e-15,8.93378e-15,1.06499265e-14,1.2983419e-14,1.0886461e-12,2.484382e-13,3.926376e-13,1.1759395e-13,7.92098e-14,2.204346e-13,1.1074994e-13,2.0515458e-13,1.6924981e-13,5.8153176e-14,1.3287531e-14,6.635662e-14,2.664255e-15,1.0046423e-14,2.7083332e-13,2.5361806e-13,1.1400788e-13,1.4254707e-13,8.170076e-14,1.4320814e-13,3.170275e-14,4.142098e-14,5.5524836e-14,8.104597e-14,7.735899e-14,8.274401e-15,5.99039e-14,5.4920015e-15
29,4.074187e-16,1.7223268e-16,1.5760931e-16,2.2075648e-16,4.998031e-18,6.885022e-17,7.7601296e-18,6.275711e-17,9.0713086e-17,3.382979e-17,6.864524e-16,3.9467298e-17,3.1312376e-17,8.5049516e-19,4.6272637e-16,1.0041295e-18,8.132329e-19,9.729092e-16,3.567291e-17,3.207065e-17,7.870467e-18,3.327312e-17,7.344658e-16,8.0219863e-17,9.055029e-18,2.285238e-16,4.091774e-17,3.6637897e-19,9.9631575e-17,1.1988425e-16,1.10380695e-16,5.1391792e-17,1.701289e-16,8.85653e-16,8.434114e-15,2.4997848e-15,8.807063e-14,2.1353805e-13,5.9186586e-16,1.0224395e-15,2.4014817e-14,5.284326e-16,1.7422296e-16,6.933083e-16,5.3524817e-16,6.047718e-16,6.499031e-17,2.4888195e-14,5.3109644e-18,1.2336273e-16,1.4056578e-15,4.9001624e-17,1.3987597e-14,3.1280953e-17,5.7855616e-15,1.6272408e-15,1.7185364e-15,2.6381212e-16,6.2153936e-14,2.5595837e-16,4.1487798e-16,1.3589241e-15,1.5968858e-14,2.9344887e-16,1.7032472e-15,3.797656e-15,3.691697e-16,2.452687e-15,2.0529468e-15,2.4940794e-15,6.764679e-17,1.7408168e-16,1.2055427e-14,6.9964254e-16,2.285042e-15,1.3418693e-15,1.0079877e-15,7.342654e-15,5.398771e-15,6.2015475e-15,5.84531e-15,1.078608e-15,4.660736e-15,1.7956188e-15,5.539124e-15,4.963098e-16,1.5179627e-15,1.0342537e-15,1.0033694e-15,2.6687752e-17,1.6941404e-14,1.3140722e-15,2.2260257e-15,5.2197364e-15,2.4311878e-13,9.523789e-16,2.0381298e-15,1.8769873e-15,1.829934e-15,2.0533082e-15,8.8966025e-14,8.2813135e-16,1.7145829e-15,1.2763765e-15,7.771252e-17,1.6048759e-15,1.8500654e-15,1.6072133e-15,4.510432e-15,2.8762886e-15,9.443736e-16,7.3300876e-14,1.7915835e-15,4.4202097e-15,2.2125473e-15,5.434826e-16,1.9329734e-15,1.6199561e-15,1.352714e-15,4.1953812e-16,2.321024e-16,6.482126e-19,3.1642936e-19,1.635184e-18,3.4495938e-15,4.994972e-15,1.2805047e-15,2.6414818e-16,5.9467536e-15,2.827145e-16,6.623931e-16,3.0095816e-16,5.26749e-16,1.8687683e-16,5.115266e-16,1.013638e-15,5.485846e-15,9.857613e-16,3.1499622e-15,1.10923544e-16,6.175691e-17,3.837612e-16,4.3023743e-15,1.0108288e-15,7.5107305e-17,6.7794904e-15,6.443544e-15,1.5358432e-15,3.1602215e-15,3.549446e-15,1.6313634e-15,7.705191e-15,5.467487e-15,9.028561e-14,4.2594085e-15,1.9568085e-15,1.01188e-15,2.735131e-15,1.3286569e-14,5.1719938e-15,1.9412896e-14,1.0327307e-14,1.1115714e-13,9.251765e-14,4.565777e-15,3.60236e-15,2.285203e-15,1.7435358e-14,6.4863954e-15,1.6002648e-14,1.4266976e-15,2.965354e-15,3.5345325e-15,4.3094673e-15,3.6154364e-13,8.247204e-14,1.303416e-13,3.9038275e-14,2.629534e-14,7.3175895e-14,3.6768694e-14,6.811155e-14,5.6185308e-14,1.9306954e-14,4.4097382e-15,2.2030214e-14,8.84243e-16,3.3336517e-15,8.9912615e-14,8.4201695e-14,3.784841e-14,4.7322853e-14,2.7123233e-14,4.7544532e-14,1.0524903e-14,1.37514876e-14,1.8433504e-14,2.6906732e-14,2.568271e-14,2.746144e-15,1.98873e-14,1.8224386e-15
30,1.3522133e-16,5.716901e-17,5.2324676e-17,7.326943e-17,1.6588625e-18,2.2853232e-17,2.5756657e-18,2.0827045e-17,3.0105447e-17,1.1226539e-17,2.2787468e-16,1.3102673e-17,1.0392387e-17,2.822814e-19,1.5359876e-16,3.33241e-19,2.6995954e-19,3.229414e-16,1.1841402e-17,1.0643244e-17,2.612025e-18,1.1041912e-17,2.4379662e-16,2.6624221e-17,3.0051139e-18,7.584779e-17,1.3579218e-17,1.2161751e-19,3.3065665e-17,3.978539e-17,3.663655e-17,1.7058294e-17,5.646581e-17,2.94026e-16,2.7999017e-15,8.297307e-16,2.9239743e-14,7.0897735e-14,1.9644351e-16,3.3932675e-16,7.972445e-15,1.7539127e-16,5.782416e-17,2.3019221e-16,1.7766413e-16,2.0074554e-16,2.1568442e-17,8.262333e-15,1.762602e-18,4.094016e-17,4.6650525e-16,1.6262649e-17,4.6436345e-15,1.0383296e-17,1.9204282e-15,5.4014846e-16,5.7047214e-16,8.7566054e-17,2.063503e-14,8.496192e-17,1.3771066e-16,4.510142e-16,5.300596e-15,9.740307e-17,5.653105e-16,1.2605196e-15,1.2253498e-16,8.1425256e-16,6.815436e-16,8.2771017e-16,2.2451027e-17,5.778049e-17,4.0021773e-15,2.3225376e-16,7.5837766e-16,4.454291e-16,3.3456692e-16,2.437518e-15,1.7920015e-15,2.058812e-15,1.9405571e-15,3.5800806e-16,1.54728e-15,5.959936e-16,1.838441e-15,1.6475246e-16,5.037913e-16,3.4326121e-16,3.3302776e-16,8.857266e-18,5.6235915e-15,4.3625468e-16,7.3879844e-16,1.7328869e-15,8.072079e-14,3.1611825e-16,6.7651066e-16,6.2305054e-16,6.0736386e-16,6.814664e-16,2.95364e-14,2.7491894e-16,5.691266e-16,4.23602e-16,2.5791402e-17,5.3268663e-16,6.1411985e-16,5.3347787e-16,1.4972752e-15,9.547027e-16,3.1350717e-16,2.4335641e-14,5.94655e-16,1.4672001e-15,7.343876e-16,1.8041005e-16,6.416024e-16,5.377937e-16,4.489923e-16,1.3926887e-16,7.7034245e-17,2.1514045e-19,1.0500508e-19,5.4280853e-19,1.1451468e-15,1.6581537e-15,4.2500243e-16,8.767733e-17,1.9742631e-15,9.385113e-17,2.1987279e-16,9.988331e-17,1.7485915e-16,6.202275e-17,1.6980009e-16,3.364061e-16,1.8210658e-15,3.2715335e-16,1.0456482e-15,3.6813435e-17,2.04946e-17,1.2739458e-16,1.4283003e-15,3.355555e-16,2.4927455e-17,2.2506404e-15,2.1391192e-15,5.0984777e-16,1.0491102e-15,1.1783261e-15,5.4143437e-16,2.5578108e-15,1.8150823e-15,2.9974965e-14,1.4137972e-15,6.4956945e-16,3.3588324e-16,9.078453e-16,4.4109283e-15,1.7169557e-15,6.443943e-15,3.4279593e-15,3.6904084e-14,3.071473e-14,1.5156138e-15,1.1958439e-15,7.584729e-16,5.787577e-15,2.1529661e-15,5.31179e-15,4.735795e-16,9.843649e-16,1.1731944e-15,1.4305337e-15,1.2006421e-13,2.7379237e-14,4.3271268e-14,1.2960389e-14,8.72975e-15,2.4293076e-14,1.2207516e-14,2.2613803e-14,1.8652709e-14,6.410132e-15,1.4636536e-15,7.314213e-15,2.9350634e-16,1.1063724e-15,2.9850915e-14,2.7955958e-14,1.2565513e-14,1.5710987e-14,9.0048445e-15,1.5785133e-14,3.4942745e-15,4.5655677e-15,6.1199282e-15,8.933182e-15,8.526807e-15,9.115116e-16,6.602592e-15,6.048449e-16
31,4.4884594e-17,1.8977684e-17,1.7371933e-17,2.4320854e-17,5.5064023e-19,7.586265e-18,8.5497564e-19,6.912741e-18,9.992532e-18,3.726106e-18,7.564993e-17,4.350107e-18,3.4495607e-18,9.369986e-20,5.0989848e-17,1.1060736e-19,8.9621e-20,1.0720394e-16,3.9309736e-18,3.5326287e-18,8.669801e-19,3.6648547e-18,8.0931616e-17,8.837351e-18,9.974437e-19,2.5176795e-17,4.5070913e-18,4.0373245e-20,1.0975181e-17,1.3205174e-17,1.2161285e-17,5.6625972e-18,1.8743038e-17,9.7616994e-17,9.295408e-16,2.7543034e-16,9.707968e-15,2.3539547e-14,6.5207455e-17,1.1262957e-16,2.6468166e-15,5.8219764e-17,1.9193811e-17,7.642965e-17,5.897688e-17,6.664004e-17,7.158888e-18,2.7430446e-15,5.850446e-19,1.35885476e-17,1.5484182e-16,5.397915e-18,1.5416729e-15,3.446873e-18,6.3750865e-16,1.7931125e-16,1.8938235e-16,2.9068e-17,6.8510236e-15,2.8204225e-17,4.5714233e-17,1.4970468e-16,1.7595892e-15,3.2333408e-17,1.8764751e-16,4.1843086e-16,4.0675634e-17,2.7033033e-16,2.26271e-16,2.7472828e-16,7.452073e-18,1.918011e-17,1.3287086e-15,7.710383e-17,2.5172596e-16,1.478694e-16,1.1105867e-16,8.09221e-16,5.948665e-16,6.8352165e-16,6.4426395e-16,1.188402e-16,5.136919e-16,1.9783852e-16,6.10246e-16,5.4693986e-17,1.6722136e-16,1.1393885e-16,1.1054621e-16,2.9399471e-18,1.8668547e-15,1.4483677e-16,2.4522896e-16,5.7532e-16,2.6801459e-14,1.04936854e-16,2.245719e-16,2.0683224e-16,2.0160807e-16,2.2619663e-16,9.806311e-15,9.127081e-17,1.889275e-16,1.4060195e-16,8.560755e-18,1.7682485e-16,2.0386896e-16,1.7709128e-16,4.970643e-16,3.1691555e-16,1.04081476e-16,8.079622e-15,1.9739432e-16,4.8704903e-16,2.4378026e-16,5.9891536e-17,2.129829e-16,1.7854523e-16,1.4904323e-16,4.623431e-17,2.5570307e-17,7.141253e-20,3.4850573e-20,1.8020012e-19,3.8017134e-16,5.504803e-16,1.4107428e-16,2.910488e-17,6.5546115e-16,3.1157055e-17,7.298972e-17,3.3153703e-17,5.804972e-17,2.0587175e-17,5.6368785e-17,1.1166022e-16,6.0455447e-16,1.08588856e-16,3.4713162e-16,1.221919e-17,6.8022755e-18,4.2292825e-17,4.741885e-16,1.1139808e-16,8.274155e-18,7.471987e-16,7.101756e-16,1.6926183e-16,3.4829479e-16,3.9119412e-16,1.7971776e-16,8.4914227e-16,6.0259554e-16,9.952034e-15,4.693147e-16,2.156413e-16,1.1150166e-16,3.0136016e-16,1.4644213e-15,5.7001093e-16,2.1391743e-15,1.1379431e-15,1.2252512e-14,1.0197329e-14,5.031441e-16,3.9699804e-16,2.517679e-16,1.9212977e-15,7.1467907e-16,1.7633e-15,1.572125e-16,3.2678648e-16,3.8944584e-16,4.7490025e-16,3.9870403e-14,9.089821e-15,1.4365977e-14,4.302904e-15,2.8982922e-15,8.065224e-15,4.0530975e-15,7.508205e-15,6.1926905e-15,2.1282848e-15,4.858544e-16,2.428439e-15,9.743171e-17,3.6722835e-16,9.910794e-15,9.281912e-15,4.1718406e-15,5.216161e-15,2.9896837e-15,5.240912e-15,1.160137e-15,1.5158338e-15,2.031881e-15,2.9659454e-15,2.8310247e-15,3.0257986e-16,2.192131e-15,2.0076423e-16
32,1.4899956e-17,6.300188e-18,5.767696e-18,8.073639e-18,1.8279302e-19,2.5184697e-18,2.8382482e-19,2.2946478e-18,3.3170129e-18,1.2368333e-18,2.5115457e-17,1.4442853e-18,1.145114e-18,3.110498e-20,1.6927934e-17,3.6715717e-20,2.975372e-20,3.55897e-17,1.3050317e-18,1.1726401e-18,2.87794e-19,1.2165082e-18,2.6867946e-17,2.933625e-18,3.31099e-19,8.357803e-18,1.4961021e-18,1.3403406e-20,3.643227e-18,4.3833723e-18,4.0371662e-18,1.8798536e-18,6.221991e-18,3.2409946e-17,3.0861058e-16,9.1435784e-17,3.2232382e-15,7.815744e-15,2.1646637e-17,3.7387538e-17,8.7876164e-16,1.9327058e-17,6.371604e-18,2.5376877e-17,1.9579056e-17,2.2123334e-17,2.3763718e-18,9.107066e-16,1.9420645e-19,4.510653e-18,5.1399716e-17,1.7918465e-18,5.1184793e-16,1.1443032e-18,2.1164127e-16,5.952874e-17,6.2873356e-17,9.6499056e-18,2.2746585e-15,9.3633206e-18,1.5176192e-17,4.969559e-17,5.8415034e-16,1.07339365e-17,6.229213e-17,1.3890814e-16,1.3503254e-17,8.9752134e-17,7.512393e-17,9.119499e-17,2.4737533e-18,6.3672513e-18,4.4114143e-16,2.5598176e-17,8.356193e-17,4.909094e-17,3.686829e-17,2.6866112e-16,1.9748257e-16,2.2693532e-16,2.1390194e-16,3.9451618e-17,1.7054982e-16,6.5676685e-17,2.0257925e-16,1.815802e-17,5.5509996e-17,3.782298e-17,3.6697785e-17,9.759285e-19,6.1977094e-16,4.808736e-17,8.140567e-17,1.9101263e-16,8.898894e-15,3.4836556e-17,7.455287e-17,6.866537e-17,6.692688e-17,7.508721e-17,3.255852e-15,3.0302286e-17,6.27203e-17,4.667293e-17,2.8417678e-18,5.870097e-17,6.768194e-17,5.879035e-17,1.6502282e-16,1.0520792e-16,3.4555407e-17,2.682565e-15,6.552926e-17,1.6169016e-16,8.092856e-17,1.9883473e-17,7.070532e-17,5.92783e-17,4.947841e-17,1.5349536e-17,8.488355e-18,2.3706216e-20,1.15680086e-20,5.9825243e-20,1.2621651e-16,1.8275856e-16,4.683157e-17,9.6621354e-18,2.1762132e-16,1.034409e-17,2.4231356e-17,1.10055065e-17,1.9272243e-17,6.8340744e-18,1.8713818e-17,3.7065788e-17,2.007086e-16,3.604618e-17,1.1524545e-16,4.0561893e-18,2.2579491e-18,1.404112e-17,1.5743375e-16,3.6983745e-17,2.746671e-18,2.480742e-16,2.3578269e-16,5.619479e-17,1.1563505e-16,1.2987797e-16,5.9658655e-17,2.819114e-16,2.0006503e-16,3.3042635e-15,1.55801e-16,7.159124e-17,3.7016842e-17,1.00043683e-16,4.8620125e-16,1.8924497e-16,7.1017487e-16,3.7777447e-16,4.068049e-15,3.3856275e-15,1.6703919e-16,1.3180198e-16,8.3578375e-17,6.378466e-16,2.3725472e-16,5.8538087e-16,5.2192248e-17,1.0849089e-16,1.2928653e-16,1.5766264e-16,1.3239639e-14,3.017893e-15,4.7696315e-15,1.4286221e-15,9.622667e-16,2.6777185e-15,1.3457202e-15,2.492906e-15,2.0560346e-15,7.066426e-16,1.6128927e-16,8.0629675e-16,3.2345277e-17,1.2190204e-16,3.290557e-15,3.0818233e-15,1.3851167e-15,1.7318474e-15,9.926246e-16,1.7400987e-15,3.8518675e-16,5.0328855e-16,6.746213e-16,9.847564e-16,9.399602e-16,1.00449267e-16,7.278275e-16,6.664486e-17
33,4.9465115e-18,2.0916275e-18,1.9149878e-18,2.680313e-18,6.0684335e-20,8.361159e-19,9.422609e-20,7.617525e-19,1.1011573e-18,4.1058366e-19,8.338512e-18,4.7952994e-19,3.8015507e-19,1.0326342e-20,5.6200785e-18,1.2188533e-20,9.878432e-21,1.1815654e-17,4.332713e-19,3.8928104e-19,9.5539865e-20,4.0383805e-19,8.920102e-18,9.739012e-19,1.0991536e-19,2.7746566e-18,4.966591e-19,4.4499433e-21,1.2094572e-18,1.4551406e-18,1.3402868e-18,6.240991e-19,2.0655928e-18,1.076071e-17,1.0246267e-16,3.0355868e-17,1.0701961e-15,2.5950597e-15,7.186353e-18,1.2411696e-17,2.9176254e-16,6.4163126e-18,2.1152553e-18,8.425939e-18,6.500136e-18,7.344889e-18,7.8888644e-19,3.0236805e-16,6.447155e-20,1.4973998e-18,1.706332e-17,5.94847e-19,1.6994197e-16,3.79906e-19,7.026422e-17,1.9763512e-17,2.0874209e-17,3.2037026e-18,7.552394e-16,3.1086002e-18,5.0384216e-18,1.6497874e-17,1.9393568e-16,3.5635913e-18,2.0679939e-17,4.611624e-17,4.4829583e-18,2.9799235e-17,2.4942405e-17,3.027402e-17,8.2122905e-19,2.1138586e-18,1.4646604e-16,8.498788e-18,2.7740686e-17,1.629828e-17,1.2239866e-17,8.9198194e-17,6.556301e-17,7.534638e-17,7.1019246e-17,1.30975216e-17,5.662531e-17,2.1803928e-17,6.7252854e-17,6.028557e-18,1.842804e-17,1.25564545e-17,1.21831685e-17,3.2398527e-19,2.0576423e-16,1.5965886e-17,2.702497e-17,6.341973e-17,2.9547256e-15,1.15654855e-17,2.4751084e-17,2.279689e-17,2.2218687e-17,2.4927243e-17,1.0810155e-15,1.0060766e-17,2.0822894e-17,1.5494186e-17,9.433968e-19,1.948812e-17,2.2470477e-17,1.9518028e-17,5.4788652e-17,3.492813e-17,1.1472841e-17,8.906714e-16,2.1754994e-17,5.36803e-17,2.6867516e-17,6.601391e-18,2.3473662e-17,1.9681322e-17,1.6426368e-17,5.0961423e-18,2.8179781e-18,7.870031e-21,3.8401097e-21,1.9862306e-20,4.1905096e-17,6.067751e-17,1.554731e-17,3.2077595e-18,7.225456e-17,3.4343313e-18,8.044757e-18,3.6535658e-18,6.398517e-18,2.268769e-18,6.213029e-18,1.2304887e-17,6.6636466e-17,1.1966391e-17,3.8262126e-17,1.3465528e-18,7.495622e-19,4.6617724e-18,5.2270413e-17,1.2278883e-17,9.11837e-19,8.236425e-17,7.828338e-17,1.8657218e-17,3.8392328e-17,4.3121213e-17,1.9805404e-17,9.359655e-17,6.6424476e-17,1.0970961e-15,5.172472e-17,2.3768621e-17,1.2289552e-17,3.3213588e-17,1.6142714e-16,6.2831614e-17,2.357777e-16,1.2541941e-16,1.3506874e-15,1.1240916e-15,5.545759e-17,4.375928e-17,2.7746774e-17,2.117657e-16,7.876639e-17,1.943439e-16,1.7327796e-17,3.6019547e-17,4.2922114e-17,5.234458e-17,4.396355e-15,1.0019896e-15,1.5835984e-15,4.743316e-16,3.1949077e-16,8.890461e-16,4.4681576e-16,8.277155e-16,6.8264e-16,2.346255e-16,5.3546144e-17,2.6771244e-16,1.0738459e-17,4.046835e-17,1.0925421e-15,1.0232535e-15,4.5988913e-16,5.7501133e-16,3.2957385e-16,5.777594e-16,1.2789127e-16,1.6710487e-16,2.239904e-16,3.2696467e-16,3.1209133e-16,3.33484e-17,2.4165617e-16,2.2124593e-17
34,1.642225e-18,6.9443343e-19,6.3582354e-19,8.898583e-19,2.0147103e-20,2.7759517e-19,3.128311e-20,2.5289222e-19,3.6557317e-19,1.3630692e-19,2.7685166e-18,1.5921561e-19,1.2620977e-19,3.4283256e-21,1.865925e-18,4.046451e-21,3.2797897e-21,3.9228875e-18,1.4385077e-19,1.2923659e-19,3.171831e-20,1.3406788e-19,2.961552e-18,3.233298e-19,3.6490685e-20,9.211814e-19,1.6488442e-19,1.4774301e-21,4.0152908e-19,4.8308744e-19,4.449762e-19,2.0720434e-19,6.8577145e-19,3.572817e-18,3.4019642e-17,1.0078261e-17,3.5533617e-16,8.6164427e-16,2.385862e-18,4.1205713e-18,9.687154e-17,2.1302153e-18,7.0225773e-19,2.7977006e-18,2.1580849e-18,2.4385648e-18,2.619014e-19,1.0039259e-16,2.1403987e-20,4.971183e-19,5.664855e-18,1.97484e-19,5.6424564e-17,1.2613205e-19,2.332828e-17,6.5616826e-18,6.9305154e-18,1.0636462e-18,2.5076037e-16,1.0320819e-18,1.6727895e-18,5.4772025e-18,6.438811e-17,1.1831305e-18,6.8656946e-18,1.5310756e-17,1.4883587e-18,9.89403e-18,8.2814486e-18,1.0050618e-17,2.7264243e-19,7.0180593e-19,4.8629988e-17,2.8217327e-18,9.209731e-18,5.411219e-18,4.0636612e-18,2.9615392e-17,2.1767302e-17,2.501673e-17,2.3580056e-17,4.348409e-18,1.8800876e-17,7.238948e-18,2.2327788e-17,2.0015664e-18,6.1179833e-18,4.1686813e-18,4.0448148e-18,1.0756078e-19,6.8315934e-17,5.301057e-18,8.972146e-18,2.1056882e-17,9.810716e-16,3.8397985e-18,8.217501e-18,7.568798e-18,7.3765775e-18,8.275679e-18,3.589262e-16,3.3403784e-18,6.9133555e-18,5.1439265e-18,3.132002e-19,6.470109e-18,7.460449e-18,6.4800957e-18,1.8190665e-17,1.1596279e-17,3.8092114e-18,2.9572692e-16,7.2227045e-18,1.7822205e-17,8.920102e-18,2.191749e-18,7.793372e-18,6.5346313e-18,5.4536084e-18,1.6919957e-18,9.355593e-19,2.6128249e-21,1.2748404e-21,6.594572e-21,1.3913223e-17,2.014597e-17,5.1616753e-18,1.0649922e-18,2.3990319e-17,1.1402568e-18,2.6709294e-18,1.212957e-18,2.1244068e-18,7.532193e-19,2.0627999e-18,4.0851138e-18,2.2124294e-17,3.9727326e-18,1.27035785e-17,4.470444e-19,2.4884343e-19,1.5477863e-18,1.7354911e-17,4.0767853e-18,3.0272505e-19,2.7346677e-17,2.5991762e-17,6.1945244e-18,1.2747015e-17,1.4317113e-17,6.5752843e-18,3.1075508e-17,2.2054328e-17,3.642672e-16,1.7172837e-17,7.891508e-18,4.0802487e-18,1.1027029e-17,5.359755e-17,2.0861313e-17,7.8280555e-17,4.1640117e-17,4.484657e-16,3.7322567e-16,1.8412637e-17,1.4528786e-17,9.211906e-18,7.030854e-17,2.6150716e-17,6.452355e-17,5.753e-18,1.1959002e-17,1.4250335e-17,1.7379085e-17,1.4598326e-15,3.3268302e-16,5.2579104e-16,1.574902e-16,1.0607877e-16,2.9518325e-16,1.4835652e-16,2.748276e-16,2.2665254e-16,7.7903076e-17,1.7777405e-17,8.888871e-17,3.565237e-18,1.3435136e-17,3.6275433e-16,3.3975256e-16,1.5269548e-16,1.9091912e-16,1.0942748e-16,1.9183363e-16,4.246351e-17,5.548377e-17,7.437113e-17,1.0856199e-16,1.0362362e-16,1.1071824e-17,8.023665e-17,7.345223e-18
35,5.452317e-19,2.3056222e-19,2.111118e-19,2.9544076e-19,6.689022e-21,9.2165614e-20,1.0386328e-20,8.396047e-20,1.2137133e-19,4.525361e-20,9.192085e-19,5.286412e-20,4.1902534e-20,1.1382348e-21,6.1952095e-19,1.3434284e-21,1.0889613e-21,1.3024615e-18,4.7761092e-20,4.290671e-20,1.05305795e-20,4.4510353e-20,9.832854e-19,1.0734753e-19,1.2114986e-20,3.058407e-19,5.474174e-20,4.905341e-22,1.3330918e-19,1.6038525e-19,1.477369e-19,6.879482e-20,2.2768188e-19,1.186277e-18,1.1295375e-17,3.3461151e-18,1.17983e-16,2.8609565e-16,7.921291e-19,1.3680451e-18,3.216394e-17,7.072533e-19,2.331551e-19,9.289371e-19,7.1651636e-19,8.0964397e-19,8.695177e-20,3.333298e-17,7.1062044e-21,1.650439e-19,1.8807494e-18,6.5565444e-20,1.8734481e-17,4.1877957e-20,7.7453685e-18,2.1785952e-18,2.301072e-18,3.5314566e-19,8.32602e-17,3.426685e-19,5.5539176e-19,1.8184652e-18,2.1377877e-17,3.9281608e-19,2.27947e-18,5.08337e-18,4.941545e-19,3.2850897e-18,2.7496668e-18,3.336821e-18,9.051872e-20,2.3300804e-19,1.6146466e-17,9.36878e-19,3.0576822e-18,1.7966276e-18,1.3491841e-18,9.83301e-18,7.227064e-18,8.3062425e-18,7.829236e-18,1.4437245e-18,6.242399e-18,2.4034167e-18,7.413017e-18,6.6456187e-19,2.0312026e-18,1.3840301e-18,1.342921e-18,3.5710712e-20,2.268214e-17,1.7601005e-18,2.9788093e-18,6.991482e-18,3.257514e-16,1.2748672e-18,2.7283297e-18,2.5129764e-18,2.4490934e-18,2.7475702e-18,1.191744e-16,1.1090911e-18,2.2953439e-18,1.7078012e-18,1.0398386e-19,2.1481566e-18,2.4770074e-18,2.151486e-18,6.0396944e-18,3.8501184e-18,1.2647542e-18,9.8190336e-17,2.3980239e-18,5.9172427e-18,2.9615878e-18,7.27705e-19,2.5875093e-18,2.1696724e-18,1.810668e-18,5.617789e-19,3.1061304e-19,8.674784e-22,4.232414e-22,2.1895364e-21,4.6195154e-18,6.6889274e-18,1.7137219e-18,3.535924e-19,7.96548e-18,3.7859157e-19,8.867935e-19,4.0270758e-19,7.053497e-19,2.5007363e-19,6.848893e-19,1.3562731e-18,7.345739e-18,1.3189616e-18,4.217856e-18,1.4842059e-19,8.261581e-20,5.139004e-19,5.7622903e-18,1.3535833e-18,1.00506645e-19,9.079811e-18,8.629949e-18,2.0567271e-18,4.23233e-18,4.753645e-18,2.183035e-18,1.031775e-17,7.3226106e-18,1.209482e-16,5.701618e-18,2.6201432e-18,1.3547137e-18,3.6611163e-18,1.7795861e-17,6.926472e-18,2.5990534e-17,1.3825164e-17,1.4890451e-16,1.2392152e-16,6.1133635e-18,4.8238808e-18,3.0584424e-18,2.3343742e-17,8.6823756e-18,2.1422826e-17,1.9100978e-18,3.970639e-18,4.7313064e-18,5.770205e-18,4.847394e-16,1.1045977e-16,1.7457701e-16,5.2291367e-17,3.522118e-17,9.800881e-17,4.9259274e-17,9.125205e-17,7.525496e-17,2.5866459e-17,5.9023034e-18,2.9513996e-17,1.1837123e-18,4.460516e-18,1.2044568e-16,1.1280938e-16,5.0699518e-17,6.339093e-17,3.6333273e-17,6.369507e-17,1.4099219e-17,1.842241e-17,2.4693537e-17,3.6046102e-17,3.4406412e-17,3.6759993e-18,2.6641079e-17,2.4386548e-18
36,1.8102575e-19,7.6551624e-20,7.009584e-20,9.8091316e-20,2.2208697e-21,3.0600933e-20,3.448451e-21,2.7875806e-20,4.029679e-20,1.5024595e-20,3.0520178e-19,1.7552556e-20,1.3912294e-20,3.7791322e-22,2.0569573e-19,4.460337e-22,3.6156398e-22,4.3244628e-19,1.5857831e-20,1.4245514e-20,3.4962857e-21,1.4777851e-20,3.2647325e-19,3.564099e-20,4.0223196e-21,1.0154436e-19,1.8174854e-20,1.6286918e-22,4.4260392e-20,5.3249623e-20,4.9051374e-20,2.2841332e-20,7.559416e-20,3.9388133e-19,3.7503926e-18,1.1109774e-18,3.9174377e-17,9.499408e-17,2.6300068e-19,4.5420886e-19,1.0679398e-17,2.3482083e-19,7.7411265e-20,3.0844156e-19,2.3789877e-19,2.6882015e-19,2.8869014e-20,1.1067541e-17,2.3593532e-21,5.4796425e-20,6.244325e-19,2.1768592e-20,6.220421e-18,1.3904438e-20,2.5716363e-18,7.2334494e-19,7.640144e-19,1.1725177e-19,2.764516e-17,1.1377374e-19,1.8440213e-19,6.037577e-19,7.097931e-18,1.3042313e-19,7.5682244e-19,1.6877805e-18,1.6406921e-19,1.0907513e-18,9.129739e-19,1.1078627e-18,3.0053504e-20,7.736317e-20,5.361118e-18,3.1106866e-19,1.0151949e-18,5.965244e-19,4.47955e-19,3.2648337e-18,2.3995387e-18,2.7579275e-18,2.59955e-18,4.793447e-19,2.0726667e-18,7.979803e-19,2.461246e-18,2.2065175e-19,6.743882e-19,4.5951915e-19,4.4587413e-19,1.1856458e-20,7.531013e-18,5.844085e-19,9.890096e-19,2.3213914e-18,1.08161634e-16,4.2328238e-19,9.058633e-19,8.343677e-19,8.131416e-19,9.122328e-19,3.956983e-17,3.6825062e-19,7.621049e-19,5.670121e-19,3.4524057e-20,7.1322997e-19,8.2242644e-19,7.1433896e-19,2.0053385e-18,1.2783174e-18,4.1993517e-19,3.2602434e-17,7.961901e-19,1.9646526e-18,9.83306e-19,2.4161656e-19,8.5910694e-19,7.203969e-19,6.0117796e-19,1.865254e-19,1.0312856e-19,2.8801693e-22,1.4051911e-22,7.26983e-22,1.5338071e-18,2.2209082e-18,5.689847e-19,1.1740004e-19,2.6447932e-18,1.2570282e-19,2.9443571e-19,1.3370454e-19,2.3419486e-19,8.302822e-20,2.2740012e-19,4.5030043e-19,2.438978e-18,4.379123e-19,1.4004381e-18,4.927763e-20,2.7429254e-20,1.7062896e-19,1.9132539e-18,4.4942605e-19,3.3369726e-20,3.0147677e-18,2.8654012e-18,6.8289064e-19,1.4052566e-18,1.578349e-18,7.2480036e-19,3.4257677e-18,2.4313245e-18,4.0158904e-17,1.8930537e-18,8.699547e-19,4.497965e-19,1.2155638e-18,5.9087745e-18,2.299788e-18,8.62947e-18,4.590257e-18,4.9441287e-17,4.1145846e-17,2.0297904e-18,1.6016587e-18,1.0154566e-18,7.750686e-18,2.8827222e-18,7.112848e-18,6.341974e-19,1.3183551e-18,1.5708909e-18,1.9158541e-18,1.6095708e-16,3.667601e-17,5.796494e-17,1.7362414e-17,1.1694544e-17,3.2541914e-17,1.6355806e-17,3.029892e-17,2.4986987e-17,8.588584e-18,1.9596765e-18,9.799678e-18,3.93018e-19,1.4809502e-18,3.9991992e-17,3.7456733e-17,1.6833908e-17,2.1047874e-17,1.2063851e-17,2.1148985e-17,4.681415e-18,6.116876e-18,8.1990845e-18,1.19685516e-17,1.1424119e-17,1.2205077e-18,8.8457355e-18,8.096687e-19
37,6.0104604e-20,2.5417162e-20,2.3274205e-20,3.256856e-20,7.373801e-22,1.0160308e-20,1.1449685e-21,9.255285e-21,1.3379325e-20,4.9884193e-21,1.0133622e-19,5.828044e-21,4.6191866e-21,1.2547587e-22,6.829676e-20,1.4809166e-22,1.200501e-22,1.4358382e-19,5.265247e-21,4.729777e-21,1.160836e-21,4.9065026e-21,1.0839807e-19,1.18335756e-20,1.3354873e-21,3.3715074e-20,6.034386e-21,5.407717e-23,1.4695342e-20,1.7679851e-20,1.6286236e-20,7.5839166e-21,2.509898e-20,1.3078193e-19,1.2452503e-18,3.6887266e-19,1.3007294e-17,3.1541568e-17,8.7322375e-20,1.5080644e-19,3.5459107e-18,7.796608e-20,2.5702272e-20,1.02414304e-19,7.898865e-20,8.925562e-20,9.585063e-21,3.6747838e-18,7.8335276e-22,1.8193437e-20,2.0732393e-19,7.227611e-21,2.0653854e-18,4.6166537e-21,8.5385284e-19,2.4017068e-19,2.536752e-19,3.8930625e-20,9.179166e-18,3.7775994e-20,6.122641e-20,2.0046053e-19,2.3567033e-18,4.3303852e-20,2.5128235e-19,5.603857e-19,5.4475117e-20,3.621655e-19,3.031376e-19,3.678314e-19,9.978393e-21,2.5686486e-20,1.7800679e-18,1.03284233e-19,3.3706617e-19,1.9806315e-19,1.487321e-19,1.0840265e-18,7.967097e-19,9.157238e-19,8.631373e-19,1.591543e-19,6.881938e-19,2.649491e-19,8.1718977e-19,7.326292e-20,2.23911e-19,1.5257034e-19,1.4804084e-19,3.9365905e-21,2.5005087e-18,1.9404331e-19,3.2837253e-19,7.707804e-19,3.5913787e-17,1.4054067e-19,3.007703e-19,2.7703344e-19,2.6998193e-19,3.028805e-19,1.3138565e-17,1.2227107e-19,2.5303925e-19,1.8825933e-19,1.14626925e-20,2.368101e-19,2.7306892e-19,2.3717915e-19,6.658327e-19,4.2443382e-19,1.3943192e-19,1.0825146e-17,2.6435475e-19,6.5231654e-19,3.264823e-19,8.0223756e-20,2.852457e-19,2.3919543e-19,1.9960617e-19,6.193203e-20,3.4240993e-20,9.5628067e-23,4.6654537e-23,2.4137993e-22,5.0927153e-19,7.3741e-19,1.8891598e-19,3.897985e-20,8.781615e-19,4.1737214e-20,9.776071e-20,4.4392677e-20,7.775976e-20,2.756716e-20,7.550338e-20,1.4950882e-19,8.098137e-19,1.4539566e-19,4.6498707e-19,1.6361174e-20,9.106995e-21,5.665405e-20,6.35263e-19,1.4922309e-19,1.1079468e-20,1.001001e-18,9.514068e-19,2.2674088e-19,4.665902e-19,5.240626e-19,2.4064928e-19,1.1374583e-18,8.0727875e-19,1.3334183e-17,6.285425e-19,2.888506e-19,1.4934491e-19,4.0359786e-19,1.9619103e-18,7.6360263e-19,2.8652246e-18,1.5240877e-18,1.641625e-17,1.3661812e-17,6.7394954e-19,5.317994e-19,3.371554e-19,2.573447e-18,9.571364e-19,2.3616557e-18,2.1057122e-19,4.37733e-19,5.21576e-19,6.3611947e-19,5.344525e-17,1.2177648e-17,1.9246288e-17,5.764918e-18,3.882985e-18,1.08049905e-17,5.4307236e-18,1.0060356e-17,8.296517e-18,2.8517263e-18,6.506604e-19,3.2538502e-18,1.3049234e-19,4.9170526e-19,1.3278752e-17,1.2437017e-17,5.589443e-18,6.988627e-18,4.0056213e-18,7.02223e-18,1.5543956e-18,2.0310235e-18,2.7223864e-18,3.9739907e-18,3.79322e-18,4.0523997e-19,2.9370975e-18,2.688271e-19
38,1.9956351e-20,8.4392585e-21,7.727867e-21,1.0813655e-20,2.4483052e-22,3.373525e-21,3.801618e-22,3.0729784e-21,4.4422697e-21,1.6562694e-21,3.3646958e-20,1.9351178e-21,1.5336932e-21,4.166144e-23,2.2676662e-20,4.9170047e-23,3.9860567e-23,4.7674193e-20,1.7482274e-21,1.5704012e-21,3.8542666e-22,1.6290727e-21,3.599149e-20,3.9290586e-21,4.4341475e-22,1.1194333e-20,2.0035615e-21,1.7955325e-23,4.879226e-21,5.870135e-21,5.40749e-21,2.5180858e-21,8.333545e-21,4.3424245e-20,4.1346566e-19,1.2247648e-19,4.3189035e-18,1.0473e-17,2.8993453e-20,5.007156e-20,1.1773657e-18,2.5886926e-20,8.533849e-21,3.4005505e-20,2.6226597e-20,2.96356e-20,3.1824766e-21,1.2201554e-18,2.6009297e-22,6.0406633e-21,6.883673e-20,2.39975e-21,6.8578034e-19,1.5328707e-21,2.835052e-19,7.974414e-20,8.422831e-20,1.2926123e-20,3.0478187e-18,1.254279e-20,2.0329007e-20,6.655817e-20,7.8249714e-19,1.4378162e-20,8.343261e-20,1.8606438e-19,1.8087328e-20,1.2025168e-19,1.0065233e-19,1.22129e-19,3.3130855e-21,8.528653e-21,5.9104464e-19,3.429377e-20,1.1191477e-19,6.576323e-20,4.9383322e-20,3.5993317e-19,2.6453138e-19,3.0405246e-19,2.865921e-19,5.284382e-20,2.285044e-19,8.797071e-20,2.7132933e-19,2.4325664e-20,7.434426e-20,5.0657403e-20,4.9153725e-20,1.3070497e-21,8.302472e-19,6.442925e-20,1.0902835e-19,2.5592642e-19,1.1924771e-17,4.6663656e-20,9.9864695e-20,9.1983725e-20,8.964147e-20,1.0056419e-19,4.36248e-18,4.0598192e-20,8.40167e-20,6.250684e-20,3.8059073e-21,7.8627795e-20,9.066746e-20,7.8750554e-20,2.2107824e-19,1.4092443e-19,4.629616e-20,3.5943417e-18,8.777336e-20,2.165887e-19,1.08401606e-19,2.6636868e-20,9.4710015e-20,7.9421204e-20,6.6275035e-20,2.0563458e-20,1.1368935e-20,3.175111e-23,1.549033e-23,8.0145983e-23,1.6909516e-19,2.4484469e-19,6.2725293e-20,1.29424645e-20,2.9158098e-19,1.3858145e-20,3.2459562e-20,1.4739512e-20,2.581879e-20,9.153025e-21,2.5069515e-20,4.964072e-20,2.6888452e-19,4.827502e-20,1.5439082e-19,5.4323277e-21,3.0237357e-21,1.8811027e-20,2.1092932e-19,4.9546985e-20,3.678676e-21,3.3236693e-19,3.1590002e-19,7.528556e-20,1.549239e-19,1.7400675e-19,7.9901905e-20,3.776735e-19,2.6804441e-19,4.42744e-18,2.0869459e-19,9.590773e-20,4.9587138e-20,1.3400624e-19,6.5142314e-19,2.5354205e-19,9.513438e-19,5.0604315e-19,5.4507956e-18,4.536207e-18,2.237728e-19,1.7657494e-19,1.1194496e-19,8.5446527e-19,3.1779716e-19,7.8414106e-19,6.991619e-20,1.4534155e-19,1.7317858e-19,2.1121206e-19,1.7746229e-17,4.043405e-18,6.3904434e-18,1.9141598e-18,1.2892892e-18,3.587635e-18,1.8032037e-18,3.3404184e-18,2.7547362e-18,9.468809e-19,2.1603784e-19,1.0804002e-18,4.332737e-20,1.632586e-19,4.4090315e-18,4.12956e-18,1.8558982e-18,2.3204774e-18,1.3300122e-18,2.3316429e-18,5.161165e-19,6.743753e-19,9.039323e-19,1.3195127e-18,1.25949e-18,1.345516e-19,9.752242e-19,8.92576e-20
39,6.6261166e-21,2.8021093e-21,2.5659375e-21,3.5904663e-21,8.1291283e-23,1.1201201e-21,1.2622563e-22,1.0203159e-21,1.4749621e-21,5.4992683e-22,1.1171962e-20,6.425304e-22,5.0923246e-22,1.3832881e-23,7.529415e-21,1.632586e-23,1.3235092e-23,1.5829403e-20,5.804704e-22,5.2141787e-22,1.2797284e-22,5.408971e-22,1.1950372e-20,1.3045653e-21,1.4722642e-22,3.716864e-21,6.65239e-22,5.9617733e-24,1.6200453e-21,1.9490502e-21,1.7954567e-21,8.360863e-22,2.7669923e-21,1.441845e-20,1.3728538e-19,4.0666125e-20,1.4340397e-18,3.4774417e-18,9.626724e-21,1.6625219e-20,3.9092812e-19,8.595267e-21,2.833498e-21,1.1291158e-20,8.708085e-21,9.840003e-21,1.0566734e-21,4.051357e-19,8.635846e-23,2.0056717e-21,2.2855794e-20,7.967873e-22,2.2770403e-19,5.0896397e-22,9.4133096e-20,2.647773e-20,2.796669e-20,4.2918924e-21,1.0119904e-18,4.1646225e-21,6.7498964e-21,2.2099306e-20,2.5981482e-19,4.774016e-21,2.770219e-20,6.177934e-20,6.0055728e-21,3.9927953e-20,3.342024e-20,4.0550306e-20,1.1000427e-21,2.8317836e-21,1.9624829e-19,1.13867276e-20,3.7159034e-20,2.1835621e-20,1.639683e-20,1.1951052e-19,8.783303e-20,1.0095651e-19,9.5159045e-20,1.7545829e-20,7.587177e-20,2.9209063e-20,9.0089656e-20,8.07696e-21,2.46845e-20,1.6819782e-20,1.6320572e-20,4.3397917e-22,2.7566998e-19,2.1392881e-20,3.6200684e-20,8.497698e-20,3.9594923e-18,1.5493844e-20,3.3158326e-20,3.0541683e-20,2.9763742e-20,3.3390302e-20,1.448507e-18,1.3480055e-20,2.7896314e-20,2.0754091e-20,1.2636731e-21,2.6106932e-20,3.0104663e-20,2.6147745e-20,7.340564e-20,4.6791442e-20,1.5371984e-20,1.1934561e-18,2.9143538e-20,7.191453e-20,3.59928e-20,8.8443524e-21,3.144679e-20,2.6370721e-20,2.2005436e-20,6.827781e-21,3.7748327e-21,1.05423356e-23,5.1432027e-24,2.6611232e-23,5.6145556e-20,8.129704e-20,2.0826728e-20,4.297317e-21,9.681568e-20,4.6013913e-21,1.0777653e-20,4.893954e-21,8.572736e-21,3.0390791e-21,8.3239314e-21,1.6482167e-20,8.927898e-20,1.6028713e-20,5.1263084e-20,1.8036922e-21,1.0039642e-21,6.2459213e-21,7.003618e-20,1.6451328e-20,1.2214309e-21,1.1035781e-19,1.04890224e-19,2.499746e-20,5.1440278e-20,5.777647e-20,2.6529828e-20,1.2540076e-19,8.9000414e-20,1.4700773e-18,6.9293334e-20,3.184466e-20,1.6464587e-20,4.449437e-20,2.1629627e-19,8.4185e-20,3.15878e-19,1.6802292e-19,1.8098693e-18,1.5061875e-18,7.4300225e-20,5.862905e-20,3.71692e-20,2.8371134e-19,1.0551883e-19,2.6036058e-19,2.3214517e-20,4.825841e-20,5.750088e-20,7.012963e-20,5.892527e-18,1.3425576e-18,2.1218603e-18,6.3557203e-19,4.280915e-19,1.1912252e-18,5.987326e-19,1.1091471e-18,9.146734e-19,3.1440093e-19,7.1731384e-20,3.587342e-19,1.4386104e-20,5.420663e-20,1.4639643e-18,1.3711727e-18,6.162275e-19,7.7048524e-19,4.4161394e-19,7.741944e-19,1.7137012e-19,2.2391826e-19,3.0013954e-19,4.3812846e-19,4.1819868e-19,4.4675482e-20,3.2381122e-19,2.9636182e-20
40,2.2000898e-21,9.303973e-22,8.519885e-22,1.1921539e-21,2.699142e-23,3.7191856e-22,4.1911164e-23,3.3877696e-22,4.8973444e-22,1.825926e-22,3.7094967e-21,2.1334436e-22,1.6908191e-22,4.592977e-24,2.5000322e-21,5.420702e-24,4.3945295e-24,5.255914e-21,1.9273674e-22,1.7312716e-22,4.249107e-23,1.7959456e-22,3.9679426e-21,4.3315825e-22,4.8883842e-23,1.2341228e-21,2.2088025e-22,1.9795204e-24,5.379071e-22,6.4714574e-22,5.961522e-22,2.7760952e-22,9.187332e-22,4.787469e-21,4.5583827e-20,1.3502546e-20,4.7615644e-19,1.1546469e-18,3.1963941e-21,5.5201054e-21,1.2980273e-19,2.8539173e-21,9.40815e-22,3.7491105e-21,2.891386e-21,3.2672257e-21,3.5084906e-22,1.3452012e-19,2.867378e-23,6.6594623e-22,7.588852e-21,2.645589e-22,7.5606266e-20,1.6899389e-22,3.1255475e-20,8.79154e-21,9.285944e-21,1.4250561e-21,3.360196e-19,1.3828006e-21,2.2412004e-21,7.337691e-21,8.6267584e-20,1.5851379e-21,9.198047e-21,2.0512853e-20,1.9940558e-21,1.3257581e-20,1.1096774e-20,1.3463983e-20,3.6524984e-22,9.402485e-22,6.516178e-20,3.7808075e-21,1.2338007e-20,7.250204e-21,5.4443045e-21,3.968187e-20,2.9163603e-20,3.3521342e-20,3.1596393e-20,5.8258112e-21,2.5192269e-20,9.698401e-21,2.991276e-20,2.6818413e-21,8.1960545e-21,5.5847188e-21,5.4189793e-21,1.4409513e-22,9.1532214e-20,7.103242e-21,1.2019809e-20,2.821556e-20,1.314708e-18,5.1444907e-21,1.100971e-20,1.01409185e-20,9.882556e-21,1.1086663e-20,4.8095957e-19,4.4758783e-21,9.262549e-21,6.891023e-21,4.1958022e-22,8.668391e-21,9.995817e-21,8.6819544e-21,2.437333e-20,1.5536365e-20,5.1040675e-21,3.96273e-19,9.676645e-21,2.3878121e-20,1.1950837e-20,2.9366422e-21,1.0441418e-20,8.756065e-21,7.306559e-21,2.2670702e-21,1.2533692e-21,3.5004042e-24,1.7076987e-24,8.835888e-24,1.8642376e-20,2.6993585e-20,6.915165e-21,1.4268572e-21,3.2146468e-20,1.52783e-21,3.578559e-21,1.6249509e-21,2.8464594e-21,1.0090737e-21,2.7638419e-21,5.472608e-21,2.9643846e-20,5.3220465e-21,1.7021193e-20,5.988838e-22,3.333473e-22,2.0738735e-21,2.3254625e-20,5.4624382e-21,4.05555e-22,3.6642906e-20,3.4827464e-20,8.300072e-21,1.7080073e-20,1.9183932e-20,8.808768e-21,4.1637597e-20,2.9551447e-20,4.881223e-19,2.3007767e-20,1.0573572e-20,5.466823e-21,1.477365e-20,7.1818483e-20,2.7952527e-20,1.04882644e-19,5.5789455e-20,6.0094594e-19,5.001111e-19,2.4670335e-20,1.9466975e-20,1.2341419e-20,9.4202236e-20,3.5035862e-20,8.6448775e-20,7.708039e-21,1.6023532e-20,1.909227e-20,2.3285554e-20,1.9565727e-18,4.4577937e-19,7.045373e-19,2.1103403e-19,1.4214256e-19,3.9553138e-19,1.9880251e-19,3.6828014e-19,3.0370595e-19,1.0439338e-19,2.3817247e-20,1.191137e-19,4.7766853e-21,1.799834e-20,4.8609227e-19,4.552829e-19,2.0461107e-19,2.5583052e-19,1.4663272e-19,2.570626e-19,5.6901476e-20,7.4349527e-20,9.965788e-20,1.454756e-19,1.3885816e-19,1.4833796e-20,1.0751776e-19,9.840176e-21
41,7.3050655e-22,3.0892563e-22,2.8289294e-22,3.9583702e-22,8.962099e-24,1.2349038e-22,1.3915992e-23,1.1248539e-22,1.6260853e-22,6.062682e-23,1.2316915e-21,7.0838535e-23,5.614107e-23,1.5250297e-24,8.3010245e-22,1.7998568e-24,1.4591477e-24,1.7451548e-21,6.399568e-23,5.748408e-23,1.4108485e-23,5.963139e-23,1.3175019e-21,1.4382357e-22,1.6231097e-23,4.0977212e-22,7.333969e-23,6.572735e-25,1.7860359e-22,2.148742e-22,1.9794364e-22,9.2176365e-23,3.0505158e-22,1.589624e-21,1.5135557e-20,4.4833294e-21,1.5810255e-19,3.833884e-19,1.0613155e-21,1.8328638e-21,4.309946e-20,9.476014e-22,3.123834e-22,1.2448536e-21,9.600447e-22,1.0848379e-21,1.1649379e-22,4.4665808e-20,9.520678e-24,2.2111668e-22,2.519758e-21,8.784263e-23,2.510417e-20,5.611214e-23,1.0377955e-20,2.9191133e-21,3.0832778e-21,4.7317e-22,1.115716e-19,4.5914027e-22,7.441598e-22,2.4363676e-21,2.8643972e-20,5.263228e-22,3.0540746e-21,6.811002e-21,6.620979e-22,4.4020238e-21,3.684554e-21,4.470498e-21,1.2127556e-22,3.1219603e-22,2.1636201e-20,1.2553694e-21,4.096645e-21,2.4073349e-21,1.807703e-21,1.3175876e-20,9.6833705e-21,1.1130373e-20,1.04912125e-20,1.9343774e-21,8.364797e-21,3.2202141e-21,9.9320844e-21,8.90471e-22,2.7213727e-21,1.8543208e-21,1.799293e-21,4.7844546e-23,3.0392057e-20,2.3585496e-21,3.9909938e-21,9.368652e-21,4.365354e-19,1.7081558e-21,3.6556213e-21,3.3671566e-21,3.2813568e-21,3.681155e-21,1.5969725e-19,1.4861615e-21,3.0755024e-21,2.288055e-21,1.3931504e-22,2.8782153e-21,3.3189788e-21,2.8827224e-21,8.092856e-21,5.1586303e-21,1.694744e-21,1.3157803e-19,3.2129906e-21,7.9284e-21,3.9681058e-21,9.750741e-22,3.4669264e-21,2.9073478e-21,2.4260385e-21,7.527517e-22,4.1616237e-22,1.1622564e-24,5.670121e-25,2.9338435e-24,6.1899702e-21,8.962885e-21,2.2960779e-21,4.7376805e-22,1.0673868e-20,5.0729693e-22,1.1882121e-21,5.395396e-22,9.451308e-22,3.3504748e-22,9.176975e-22,1.8170935e-21,9.842861e-21,1.7671015e-21,5.6516695e-21,1.9884997e-22,1.1068247e-22,6.886038e-22,7.7214224e-21,1.8137338e-21,1.3465833e-22,1.2166838e-20,1.15640455e-20,2.7559364e-21,5.6712327e-21,6.3697936e-21,2.9248165e-21,1.3825237e-20,9.812205e-21,1.6207565e-19,7.6394055e-21,3.5108187e-21,1.8151853e-21,4.905381e-21,2.384649e-20,9.2812985e-21,3.4824885e-20,1.8524122e-20,1.9953743e-19,1.6605615e-19,8.1914646e-21,6.4637646e-21,4.0977865e-21,3.1278607e-20,1.16331596e-20,2.870413e-20,2.5593513e-21,5.320408e-21,6.33932e-21,7.731666e-21,6.496653e-19,1.480158e-19,2.3393335e-19,7.0071446e-20,4.71968e-20,1.3133153e-19,6.601024e-20,1.2228352e-19,1.00842034e-19,3.4662713e-20,7.908173e-21,3.9550426e-20,1.5860323e-21,5.9760653e-21,1.6140155e-19,1.5117186e-19,6.793881e-20,8.494566e-20,4.8687754e-20,8.535487e-20,1.8893508e-20,2.4686953e-20,3.3090294e-20,4.8303596e-20,4.6106346e-20,4.925354e-21,3.5700088e-20,3.2672782e-21
42,2.4255476e-22,1.02574814e-22,9.393152e-23,1.3143229e-22,2.9757439e-24,4.1003406e-23,4.6206202e-24,3.734914e-23,5.399184e-23,2.0130233e-23,4.0896864e-22,2.3521156e-23,1.8640873e-23,5.0636553e-25,2.756253e-22,5.9761647e-25,4.8449273e-25,5.794567e-22,2.1248981e-23,1.9086756e-23,4.6845223e-24,1.979972e-23,4.374601e-22,4.775463e-23,5.389302e-24,1.3605933e-22,2.4351376e-23,2.1823963e-25,5.930279e-23,7.134584e-23,6.572457e-23,3.0605986e-23,1.0128825e-22,5.2781716e-22,5.0255895e-21,1.4886315e-21,5.249628e-20,1.273002e-19,3.5239558e-22,6.0857653e-22,1.4310692e-20,3.1463845e-22,1.03722657e-22,4.133412e-22,3.1877064e-22,3.6020686e-22,3.8680084e-23,1.4830776e-20,3.1612062e-24,7.341859e-23,8.366497e-22,2.91669e-23,8.33556e-21,1.8631333e-23,3.4458696e-21,9.692554e-22,1.0237653e-21,1.5711006e-22,3.7046153e-20,1.5245177e-22,2.4708878e-22,8.0896214e-22,9.510869e-21,1.7475875e-22,1.0140641e-21,2.261505e-21,2.1984104e-22,1.4616433e-21,1.2234152e-21,1.4843643e-21,4.0267853e-23,1.03660595e-22,7.184059e-21,4.1683062e-22,1.3602339e-21,7.993262e-22,6.0022414e-22,4.374897e-21,3.2152393e-21,3.6957166e-21,3.4834914e-21,6.4228464e-22,2.7774374e-21,1.0692299e-21,3.2978142e-21,2.9567027e-22,9.035938e-22,6.1570167e-22,5.974312e-22,1.5886112e-23,1.0091309e-20,7.8313037e-22,1.3251544e-21,3.1107577e-21,1.4494722e-19,5.6717125e-22,1.2138024e-21,1.1180228e-21,1.0895305e-21,1.2222763e-21,5.3025754e-20,4.93463e-22,1.021182e-21,7.5971627e-22,4.62576e-23,9.556738e-22,1.1020262e-21,9.571712e-22,2.6871368e-21,1.7128564e-21,5.627204e-22,4.3689066e-20,1.0668316e-21,2.6325247e-21,1.317558e-21,3.237616e-22,1.1511485e-21,9.653523e-22,8.0553477e-22,2.4994229e-22,1.3818104e-22,3.8591145e-25,1.8826777e-25,9.741478e-25,2.0553077e-21,2.9760214e-21,7.6238174e-22,1.573086e-22,3.5441414e-21,1.6844204e-22,3.94531e-22,1.7914658e-22,3.1381952e-22,1.1124789e-22,3.0471029e-22,6.0334016e-22,3.2682053e-21,5.86741e-22,1.8765695e-21,6.6025335e-23,3.6750483e-23,2.2864281e-22,2.5638116e-21,6.0222904e-22,4.471144e-23,4.0398617e-21,3.839711e-21,9.150764e-22,1.883068e-21,2.1150174e-21,9.711448e-22,4.5905063e-21,3.2580318e-21,5.3815498e-20,2.5365663e-21,1.1657252e-21,6.027097e-22,1.6287681e-21,7.917962e-21,3.0817482e-21,1.15631715e-20,6.150701e-21,6.625427e-20,5.513711e-20,2.7198769e-21,2.146217e-21,1.360615e-21,1.03856775e-20,3.86264e-21,9.530844e-21,8.49801e-22,1.7665779e-21,2.1048895e-21,2.5672065e-21,2.1571613e-19,4.914699e-20,7.767497e-20,2.3266465e-20,1.567118e-20,4.360717e-20,2.1918013e-20,4.0602984e-20,3.3483483e-20,1.1509396e-20,2.6258049e-21,1.31323065e-20,5.2662193e-22,1.984268e-21,5.3591668e-20,5.019506e-20,2.2558348e-20,2.8205292e-20,1.6166247e-20,2.8341192e-20,6.2733883e-21,8.197044e-21,1.0987281e-20,1.6038701e-20,1.5309131e-20,1.6354005e-21,1.1853834e-20,1.0848542e-21
43,8.053727e-23,3.4058745e-23,3.118897e-23,4.3640457e-23,9.880588e-25,1.3614692e-23,1.5342203e-24,1.24012894e-23,1.7927287e-23,6.683972e-24,1.3579344e-22,7.809951e-24,6.1894666e-24,1.6813235e-25,9.151819e-23,1.9843069e-25,1.6087038e-25,1.9240176e-22,7.055479e-24,6.3375054e-24,1.5554346e-24,6.5742307e-24,1.4525349e-22,1.5856316e-23,1.7894473e-24,4.5176808e-23,8.085553e-24,7.246395e-26,1.9690722e-23,2.3689442e-23,2.1823035e-23,1.0162352e-23,3.3631494e-23,1.752561e-22,1.6686921e-21,4.94282e-22,1.7430849e-20,4.2268755e-20,1.1700858e-22,2.0206994e-22,4.7517116e-21,1.04471816e-22,3.4439805e-23,1.3724584e-22,1.05844005e-22,1.1960247e-22,1.2843215e-23,4.9243976e-21,1.0496375e-24,2.4377673e-23,2.7779864e-22,9.684492e-24,2.7677332e-21,6.186316e-24,1.1441606e-21,3.2183006e-22,3.3992963e-22,5.216651e-23,1.2300791e-20,5.061983e-23,8.204291e-23,2.686056e-22,3.157972e-21,5.802656e-23,3.3670734e-22,7.509054e-22,7.299557e-23,4.8532313e-22,4.0622192e-22,4.9286363e-22,1.3370426e-23,3.441924e-23,2.3853896e-21,1.3840393e-22,4.516483e-22,2.6540706e-22,1.992971e-22,1.452636e-21,1.067582e-21,1.2271229e-21,1.1566562e-21,2.1326283e-22,9.222181e-22,3.5502474e-22,1.094998e-21,9.817397e-23,3.0002677e-22,2.0443593e-22,1.9836973e-22,5.27478e-24,3.3507023e-21,2.6003014e-22,4.400006e-22,1.0328941e-21,4.8128292e-20,1.8832242e-22,4.030286e-22,3.712265e-22,3.6176505e-22,4.058412e-22,1.7606652e-20,1.6384902e-22,3.3907135e-22,2.5225391e-22,1.535924e-23,3.173199e-22,3.659151e-22,3.1781727e-22,8.922334e-22,5.687333e-22,1.8684518e-22,1.45065e-20,3.542284e-22,8.740986e-22,4.374792e-22,1.0750136e-22,3.822251e-22,3.2053484e-22,2.6746805e-22,8.2990515e-23,4.588128e-23,1.2813704e-25,6.2511723e-26,3.2345476e-25,6.8244213e-22,9.881548e-22,2.5313933e-22,5.223244e-23,1.1767947e-21,5.59293e-23,1.3099939e-22,5.948332e-23,1.0420025e-22,3.6938447e-23,1.0117555e-22,2.0033128e-22,1.0851707e-21,1.9481978e-22,6.230937e-22,2.1922858e-23,1.2202505e-23,7.591831e-23,8.51286e-22,1.9996337e-22,1.4845865e-23,1.3413923e-21,1.2749345e-21,3.0384102e-22,6.252522e-22,7.022685e-22,3.224563e-22,1.5242261e-21,1.0817942e-21,1.7868882e-20,8.4223647e-22,3.870658e-22,2.0012275e-22,5.408128e-22,2.6290748e-21,1.0232608e-21,3.839417e-21,2.0422673e-21,2.1999048e-20,1.8307696e-20,9.03104e-22,7.1262736e-22,4.5177536e-22,3.448444e-21,1.2825428e-21,3.164604e-21,2.821665e-22,5.8657223e-22,6.989032e-22,8.524116e-22,7.162672e-20,1.631873e-20,2.5791143e-20,7.725384e-21,5.2034495e-21,1.4479293e-20,7.277654e-21,1.348181e-20,1.1117833e-20,3.8215785e-21,8.718665e-22,4.360449e-21,1.7485854e-22,6.5885047e-22,1.7794558e-20,1.6666765e-20,7.490264e-21,9.365272e-21,5.3678343e-21,9.410403e-21,2.0830139e-21,2.7217447e-21,3.648213e-21,5.3254865e-21,5.0832397e-21,5.430151e-22,3.9359435e-21,3.6021196e-22
44,2.674145e-23,1.1308823e-23,1.0355976e-23,1.4490307e-23,3.280734e-25,4.5206045e-24,5.0942004e-25,4.117696e-24,5.9525385e-24,2.2193294e-24,4.5088752e-23,2.5932138e-24,2.055139e-24,5.5826386e-26,3.0387604e-23,6.588649e-26,5.3415263e-26,6.3884846e-23,2.3426936e-24,2.1042914e-24,5.1646324e-25,2.1828917e-24,4.8229807e-23,5.2649015e-24,5.941641e-25,1.5000432e-23,2.6847082e-24,2.4060855e-26,6.538067e-24,7.865788e-24,7.2460866e-24,3.3742945e-24,1.1166943e-23,5.819198e-23,5.540716e-22,1.6412074e-22,5.787739e-21,1.4034924e-20,3.885134e-23,6.709489e-23,1.5777562e-21,3.468865e-23,1.1435332e-23,4.557114e-23,3.514431e-23,3.9712665e-23,4.2644326e-24,1.6350948e-21,3.4851949e-25,8.094308e-24,9.223968e-23,3.2156187e-24,9.189969e-22,2.0540972e-24,3.7990574e-22,1.0686011e-22,1.1286993e-22,1.7321301e-23,4.084353e-21,1.6807751e-23,2.7241424e-23,8.91873e-23,1.0485694e-21,1.9267058e-23,1.1179973e-22,2.4932957e-22,2.4237346e-23,1.6114645e-22,1.3488177e-22,1.6364936e-22,4.43949e-24,1.1428514e-23,7.9204366e-22,4.5955543e-23,1.4996443e-22,8.812551e-23,6.617431e-23,4.8233233e-22,3.5447852e-22,4.0745345e-22,3.840556e-22,7.0811474e-23,3.0621298e-22,1.178819e-22,3.635813e-22,3.25976e-23,9.96203e-23,6.788053e-23,6.5866364e-23,1.7514274e-24,1.1125638e-21,8.6340315e-23,1.4609699e-22,3.429618e-22,1.5980528e-20,6.2530334e-23,1.3382109e-22,1.2326165e-22,1.2011986e-22,1.3475471e-22,5.8461083e-21,5.4404335e-23,1.1258488e-22,8.375787e-23,5.0998513e-24,1.05362446e-22,1.2149808e-22,1.0552762e-22,2.9625652e-22,1.8884144e-22,6.2039966e-23,4.8167357e-21,1.1761748e-22,2.902346e-22,1.4525996e-22,3.569465e-23,1.269135e-22,1.0643026e-22,8.880971e-23,2.7556107e-23,1.523434e-23,4.25464e-26,2.0756226e-26,1.0739964e-25,2.265976e-22,3.281062e-22,8.405195e-23,1.7343189e-23,3.9074262e-22,1.8570726e-23,4.3496894e-23,1.9750725e-23,3.459857e-23,1.2264973e-23,3.3594235e-23,6.651758e-23,3.603192e-22,6.468755e-23,2.0689152e-22,7.279221e-24,4.051691e-24,2.5207858e-23,2.8266063e-22,6.639569e-23,4.929393e-24,4.4539526e-22,4.2332866e-22,1.00887175e-22,2.076084e-22,2.3318085e-22,1.0706776e-22,5.0610286e-22,3.5919844e-22,5.9331824e-21,2.79655e-22,1.2852099e-22,6.6448543e-23,1.7957072e-22,8.72957e-22,3.3976292e-22,1.2748359e-21,6.7811195e-22,7.30456e-21,6.078881e-21,2.9986585e-22,2.3662023e-22,1.5000676e-22,1.1450181e-21,4.258537e-22,1.0507712e-21,9.369027e-23,1.9476496e-22,2.3206286e-22,2.83034e-22,2.3783032e-20,5.4184644e-21,8.5636805e-21,2.5651347e-21,1.7277517e-21,4.8076985e-21,2.4164722e-21,4.4765007e-21,3.6915617e-21,1.2689174e-21,2.8949322e-22,1.4478435e-21,5.8059816e-23,2.1876337e-22,5.9085026e-21,5.5340338e-21,2.4870661e-21,3.1096435e-21,1.7823347e-21,3.1246307e-21,6.916437e-22,9.03728e-22,1.2113522e-21,1.7682745e-21,1.6878388e-21,1.8030201e-22,1.3068902e-21,1.1960409e-22
45,8.879201e-24,3.7549728e-24,3.4385977e-24,4.8113435e-24,1.0893312e-25,1.5010177e-24,1.6914731e-25,1.3672334e-24,1.9764725e-24,7.369024e-25,1.497125e-23,8.610506e-25,6.8238593e-25,1.853653e-26,1.00898804e-23,2.1876848e-26,1.7735981e-26,2.1212277e-23,7.778666e-25,6.987057e-25,1.7148573e-25,7.2480377e-25,1.6014192e-23,1.7481513e-24,1.9728539e-25,4.980727e-24,8.914264e-25,7.98915e-27,2.1708908e-24,2.611744e-24,2.4059832e-24,1.1203978e-24,3.7078592e-24,1.932206e-23,1.839738e-22,5.4494505e-23,1.921761e-21,4.660159e-21,1.2900156e-23,2.2278093e-23,5.2387786e-22,1.15179845e-23,3.7969745e-24,1.5131457e-23,1.1669288e-23,1.3186165e-23,1.415956e-24,5.429166e-22,1.1572193e-25,2.6876217e-24,3.0627133e-23,1.0677096e-24,3.0514367e-22,6.8204105e-25,1.261436e-22,3.5481758e-23,3.7477273e-23,5.75135e-24,1.3561689e-21,5.5808343e-24,9.045221e-24,2.9613636e-23,3.4816617e-22,6.3974186e-24,3.712185e-23,8.2787165e-23,8.047746e-24,5.350706e-23,4.4786133e-23,5.433788e-23,1.4740824e-24,3.794713e-24,2.6299004e-22,1.5259058e-23,4.9793992e-23,2.9261142e-23,2.1972455e-23,1.6015346e-22,1.1770076e-22,1.352908e-22,1.2752181e-22,2.3512178e-23,1.0167489e-22,3.914139e-23,1.2072312e-22,1.0823691e-23,3.3077796e-23,2.2538965e-23,2.1870201e-23,5.8154165e-25,3.6941495e-22,2.866843e-23,4.850986e-23,1.1387702e-22,5.3061807e-21,2.0762515e-23,4.443385e-23,4.092772e-23,3.9884473e-23,4.474378e-23,1.9411419e-21,1.8064405e-23,3.738259e-23,2.781084e-23,1.693348e-24,3.4984448e-23,4.034215e-23,3.5039308e-23,9.8368885e-23,6.270274e-23,2.0599736e-23,1.5993491e-21,3.9053594e-23,9.636927e-23,4.8231988e-23,1.1852034e-23,4.214025e-23,3.5339082e-23,2.9488293e-23,9.149717e-24,5.058392e-24,1.4127057e-26,6.8918594e-27,3.5660923e-26,7.5239395e-23,1.0894428e-22,2.7908517e-23,5.758618e-24,1.2974214e-22,6.1662176e-24,1.4442677e-23,6.5580042e-24,1.1488094e-23,4.0724463e-24,1.1154609e-23,2.2086406e-23,1.1964021e-22,2.1478762e-23,6.8696166e-23,2.4169826e-24,1.3453169e-24,8.370008e-24,9.3854575e-23,2.2045998e-23,1.6367496e-24,1.4788895e-22,1.4056196e-22,3.349854e-23,6.8934244e-23,7.7425316e-23,3.5550648e-23,1.6804615e-22,1.1926817e-22,1.970054e-21,9.28564e-23,4.2674046e-23,2.2063528e-23,5.96245e-23,2.8985653e-22,1.1281478e-22,4.2329564e-22,2.2515976e-22,2.4254064e-21,2.018431e-21,9.95673e-23,7.856729e-23,4.9808078e-23,3.8019105e-22,1.4140009e-22,3.4889725e-22,3.1108856e-23,6.4669656e-23,7.705396e-23,9.397845e-23,7.896945e-21,1.7991461e-21,2.8434834e-21,8.517271e-22,5.736825e-22,1.5963472e-21,8.0236585e-22,1.4863781e-21,1.2257457e-21,4.2133154e-22,9.612305e-23,4.807422e-22,1.9278134e-23,7.2637877e-23,1.9618596e-21,1.8375218e-21,8.2580534e-22,1.0325261e-21,5.9180653e-22,1.0375028e-21,2.2965341e-22,3.0007393e-22,4.0221748e-22,5.8713814e-22,5.6043026e-22,5.986732e-23,4.339399e-22,3.9713186e-23
46,2.948243e-24,1.2467992e-24,1.1417522e-24,1.5975553e-24,3.6170083e-26,4.9839724e-25,5.616357e-26,4.539748e-25,6.56266e-25,2.4468022e-25,4.9710508e-24,2.8590323e-25,2.265789e-25,6.154856e-27,3.3502406e-24,7.2639676e-27,5.8890516e-27,7.0433154e-24,2.5828258e-25,2.3199753e-25,5.693996e-26,2.4066302e-25,5.3173457e-24,5.8045475e-25,6.5506455e-26,1.653797e-24,2.959883e-25,2.6527152e-27,7.2082057e-25,8.672008e-25,7.988812e-25,3.7201635e-25,1.2311549e-24,6.415698e-24,6.108665e-23,1.8094323e-23,6.38102e-22,1.5473606e-21,4.283359e-24,7.397198e-24,1.7394839e-22,3.8244237e-24,1.2607446e-24,5.024254e-24,3.8746647e-24,4.378329e-24,4.7015267e-25,1.8027001e-22,3.8424207e-26,8.923952e-25,1.0169404e-23,3.5452134e-25,1.0131991e-22,2.2646464e-25,4.1884677e-23,1.17813505e-23,1.2443943e-23,1.9096755e-24,4.503024e-22,1.853058e-24,3.003371e-24,9.832888e-24,1.1560495e-22,2.1241957e-24,1.23259146e-23,2.7488606e-23,2.6721693e-24,1.7766484e-23,1.4870787e-23,1.8042298e-23,4.8945314e-25,1.2599944e-24,8.732323e-23,5.066615e-24,1.6533556e-23,9.71586e-24,7.295722e-24,5.3177335e-23,3.9081308e-23,4.4921956e-23,4.234235e-23,7.806969e-24,3.3760135e-23,1.2996485e-23,4.0084815e-23,3.593896e-24,1.09831234e-23,7.483821e-24,7.2617676e-24,1.9309459e-25,1.2266042e-22,9.519068e-24,1.6107177e-23,3.7811725e-23,1.7618664e-21,6.893975e-24,1.4753793e-23,1.3589628e-23,1.3243214e-23,1.4856687e-23,6.445371e-22,5.9981027e-24,1.2412499e-23,9.234286e-24,5.622577e-25,1.1616217e-23,1.3395194e-23,1.1634435e-23,3.2662382e-23,2.0819784e-23,6.8399344e-24,5.3104814e-22,1.2967332e-23,3.1998407e-23,1.6014922e-23,3.9353462e-24,1.399223e-23,1.1733988e-23,9.791278e-24,3.0380702e-24,1.6795849e-24,4.6907372e-27,2.2883647e-27,1.1840845e-26,2.4982477e-23,3.617384e-23,9.266724e-24,1.912089e-24,4.3079596e-23,2.0474301e-24,4.795541e-24,2.177514e-24,3.814504e-24,1.3522119e-24,3.703773e-24,7.33355e-24,3.9725312e-23,7.1317885e-24,2.2809856e-23,8.0253285e-25,4.466975e-25,2.7791763e-24,3.1163474e-23,7.3201496e-24,5.43465e-25,4.9105042e-23,4.6672195e-23,1.11228504e-23,2.288892e-23,2.57083e-23,1.18042085e-23,5.5798025e-23,3.9601802e-23,6.541372e-22,3.0831997e-23,1.416948e-23,7.325967e-24,1.9797689e-23,9.624396e-23,3.7459016e-23,1.4055093e-22,7.476194e-23,8.053323e-22,6.701999e-22,3.3060296e-23,2.6087469e-23,1.6538242e-23,1.2623852e-22,4.6950407e-23,1.158477e-22,1.0329372e-23,2.1472898e-23,2.5584957e-23,3.120458e-23,2.622109e-21,5.9738854e-22,9.441503e-22,2.8280757e-22,1.9048557e-22,5.3005117e-22,2.664178e-22,4.935375e-22,4.0699664e-22,1.3989907e-22,3.191664e-23,1.5962578e-22,6.4011026e-24,2.4118616e-23,6.514162e-22,6.1013133e-22,2.7420055e-22,3.4284003e-22,1.9650352e-22,3.4449273e-22,7.6254167e-23,9.963662e-23,1.3355236e-22,1.9495349e-22,1.8608538e-22,1.9878315e-23,1.4408548e-22,1.3186334e-23
47,9.789334e-25,4.13987e-25,3.7910764e-25,5.3045167e-25,1.20099e-26,1.6548771e-25,1.8648532e-26,1.5073751e-25,2.179062e-25,8.1243453e-26,1.6505877e-24,9.4931373e-26,7.5233147e-26,2.0436563e-27,1.1124136e-24,2.4119233e-27,1.955401e-27,2.3386614e-24,8.576012e-26,7.7032317e-26,1.8906313e-26,7.9909594e-26,1.7655709e-24,1.9273393e-25,2.1750724e-26,5.4912617e-25,9.8279774e-26,8.808073e-28,2.393409e-25,2.8794483e-25,2.6526027e-25,1.2352423e-25,4.0879223e-25,2.1302698e-24,2.0283217e-23,6.0080353e-24,2.118756e-22,5.1378624e-22,1.422245e-24,2.4561616e-24,5.775786e-23,1.2698604e-24,4.1861713e-25,1.6682554e-24,1.286543e-24,1.4537795e-24,1.561092e-25,5.985688e-23,1.2758352e-26,2.9631036e-25,3.3766434e-24,1.1771508e-25,3.3642277e-23,7.519528e-26,1.3907381e-23,3.9118788e-24,4.131887e-24,6.340882e-25,1.4951858e-22,6.1528907e-25,9.972388e-25,3.2649077e-24,3.838544e-23,7.0531753e-25,4.092692e-24,9.12731e-24,8.872664e-25,5.899185e-24,4.9376977e-24,5.9907533e-24,1.6251777e-25,4.1836814e-25,2.8994813e-23,1.682319e-24,5.4897947e-24,3.2260536e-24,2.4224692e-24,1.7657006e-23,1.2976549e-23,1.4915896e-23,1.4059361e-23,2.592224e-24,1.1209719e-23,4.3153488e-24,1.3309748e-23,1.1933171e-24,3.646831e-24,2.4849245e-24,2.411195e-24,6.4115034e-26,4.0728156e-23,3.1607128e-24,5.3482198e-24,1.2555014e-23,5.850108e-22,2.2890746e-24,4.8988463e-24,4.512298e-24,4.397272e-24,4.933007e-24,2.1401223e-22,1.9916117e-24,4.121445e-24,3.0661477e-24,1.8669176e-25,3.857045e-24,4.4477394e-24,3.8630952e-24,1.0845218e-23,6.9129956e-24,2.2711325e-24,1.7632936e-22,4.3056695e-24,1.0624745e-23,5.3175903e-24,1.3066922e-24,4.645976e-24,3.896155e-24,3.2510928e-24,1.0087608e-24,5.576886e-25,1.5575104e-27,7.598269e-28,3.9316346e-27,8.295183e-24,1.2011163e-23,3.0769198e-24,6.3488946e-25,1.4304158e-23,6.798287e-25,1.5923109e-24,7.230207e-25,1.266568e-24,4.4898783e-25,1.2298006e-24,2.4350282e-24,1.3190393e-23,2.3680352e-24,7.573784e-24,2.6647258e-25,1.4832116e-25,9.227977e-25,1.0347525e-23,2.4305824e-24,1.8045188e-25,1.6304846e-23,1.5497042e-23,3.693232e-24,7.60004e-24,8.536186e-24,3.919464e-24,1.8527175e-23,1.3149387e-23,2.171999e-22,1.0237449e-23,4.704834e-24,2.432513e-24,6.5736185e-24,3.1956863e-23,1.2437895e-23,4.6668516e-23,2.4823941e-23,2.674028e-22,2.225333e-22,1.097734e-23,8.662084e-24,5.4913523e-24,4.1916225e-23,1.5589401e-23,3.8466047e-23,3.4297637e-24,7.1298605e-24,8.4952226e-24,1.0361168e-23,8.706474e-22,1.9835695e-22,3.134958e-22,9.3903497e-23,6.324887e-23,1.7599828e-22,8.846145e-23,1.6387435e-22,1.3513923e-22,4.6452134e-23,1.0597591e-23,5.3002195e-23,2.1254208e-24,8.008333e-24,2.162964e-22,2.0258818e-22,9.104561e-23,1.138367e-22,6.524709e-23,1.1438546e-22,2.5319452e-23,3.3083378e-23,4.4344765e-23,6.473242e-23,6.178785e-23,6.6003913e-24,4.7842183e-23,4.378384e-24
48,3.2504489e-25,1.3746022e-25,1.2587902e-25,1.7613108e-25,3.987766e-27,5.494853e-26,6.1920574e-27,5.0050842e-26,7.2353515e-26,2.6976045e-26,5.480614e-25,3.1521042e-26,2.4980402e-26,6.7857537e-28,3.6936585e-25,8.0085435e-28,6.4927153e-28,7.7652914e-25,2.8475796e-26,2.5577787e-26,6.2776472e-27,2.6533152e-26,5.862402e-25,6.3995336e-26,7.222105e-27,1.8233178e-25,3.2632784e-26,2.9246332e-28,7.9470686e-26,9.5609104e-26,8.807699e-26,4.1014983e-26,1.357353e-25,7.073353e-25,6.734843e-24,1.9949075e-24,7.035125e-23,1.7059782e-22,4.7224207e-25,8.155432e-25,1.9177934e-23,4.2164433e-25,1.3899757e-25,5.5392827e-25,4.2718376e-25,4.8271306e-25,5.1834454e-26,1.9874895e-23,4.23628e-27,9.8386806e-26,1.1211797e-24,3.908609e-26,1.117059e-23,2.4967845e-26,4.617807e-24,1.2989002e-24,1.371952e-24,2.1054264e-25,4.964619e-23,2.043006e-25,3.3112318e-25,1.0840793e-24,1.27455026e-23,2.341936e-25,1.3589367e-24,3.0306312e-24,2.946079e-25,1.9587673e-24,1.6395143e-24,1.9891682e-24,5.3962357e-26,1.3891492e-25,9.627446e-24,5.5859744e-25,1.82283e-24,1.071179e-24,8.0435645e-25,5.8628348e-24,4.308733e-24,4.952677e-24,4.668274e-24,8.607218e-25,3.7220785e-24,1.4328678e-24,4.419366e-24,3.9622918e-25,1.2108929e-24,8.2509393e-25,8.006129e-25,2.1288743e-26,1.352338e-23,1.049484e-24,1.7758217e-24,4.16877e-24,1.9424724e-22,7.600641e-25,1.6266129e-24,1.4982636e-24,1.4600695e-24,1.6379546e-24,7.106069e-23,6.6129505e-25,1.3684843e-24,1.0180828e-24,6.198909e-26,1.280693e-24,1.4768275e-24,1.282702e-24,3.6010475e-24,2.2953912e-24,7.5410734e-25,5.8548455e-23,1.4296541e-24,3.5278396e-24,1.7656525e-24,4.3387424e-25,1.5426497e-24,1.2936802e-24,1.0794927e-24,3.3494906e-25,1.8517485e-25,5.171555e-28,2.5229259e-28,1.3054603e-27,2.7543339e-24,3.9881885e-24,1.02166e-24,2.1080868e-25,4.7495564e-24,2.2573045e-25,5.2871095e-25,2.4007162e-25,4.2055146e-25,1.4908183e-25,4.083431e-25,8.0852617e-25,4.3797396e-24,7.8628177e-25,2.5148004e-24,8.847949e-26,4.9248506e-26,3.064059e-25,3.435794e-24,8.0705095e-25,5.99172e-26,5.4138644e-24,5.145641e-24,1.2263014e-24,2.5235187e-24,2.834357e-24,1.301418e-24,6.1517653e-24,4.366125e-24,7.211912e-23,3.399242e-24,1.5621935e-24,8.076917e-25,2.1827042e-24,1.0610965e-23,4.129881e-24,1.5495817e-23,8.2425425e-24,8.8788516e-23,7.3890026e-23,3.6449172e-24,2.8761596e-24,1.8233479e-24,1.3917865e-23,5.1763037e-24,1.2772266e-23,1.1388189e-24,2.3673996e-24,2.8207534e-24,3.440323e-24,2.8909044e-22,6.58625e-23,1.04093226e-22,3.1179746e-23,2.1001173e-23,5.843851e-23,2.9372775e-23,5.4412905e-23,4.4871674e-23,1.5423985e-23,3.5188233e-24,1.7598868e-23,7.0572473e-25,2.6590846e-24,7.1819134e-23,6.726747e-23,3.023082e-23,3.7798378e-23,2.1664662e-23,3.7980595e-23,8.407081e-24,1.09850175e-23,1.4724251e-23,2.1493774e-23,2.0516063e-23,2.1915936e-24,1.5885535e-23,1.4537978e-24
49,1.079279e-25,4.5642318e-26,4.179692e-26,5.8482567e-26,1.3240978e-27,1.8245119e-26,2.0560111e-27,1.6618874e-26,2.4024257e-26,8.957123e-27,1.8197843e-25,1.04662575e-26,8.2944934e-27,2.2531418e-28,1.226443e-25,2.659156e-28,2.1558426e-28,2.5783884e-25,9.455108e-27,8.4928465e-27,2.0844297e-27,8.810064e-27,1.9465527e-25,2.124901e-26,2.398027e-27,6.054145e-26,1.0835387e-26,9.7109577e-29,2.638744e-26,3.1746037e-26,2.9245092e-26,1.3618619e-26,4.506955e-26,2.3486386e-25,2.2362394e-24,6.6238944e-25,2.335946e-23,5.664536e-23,1.5680326e-25,2.7079295e-25,6.367848e-24,1.4000282e-25,4.6152748e-26,1.8392662e-25,1.4184213e-25,1.6028012e-25,1.7211108e-26,6.5992656e-24,1.4066143e-27,3.2668345e-26,3.7227645e-25,1.2978142e-26,3.7090855e-24,8.2903265e-27,1.5332973e-24,4.312871e-25,4.5554326e-25,6.9908607e-26,1.648454e-23,6.7836004e-26,1.0994615e-25,3.5995767e-25,4.2320187e-24,7.776167e-26,4.512214e-25,1.0062911e-24,9.782163e-26,6.5038973e-25,5.4438482e-25,6.604832e-25,1.7917661e-26,4.612533e-26,3.1967003e-24,1.8547684e-25,6.0525244e-25,3.5567448e-25,2.6707857e-25,1.9466973e-24,1.4306722e-24,1.6444887e-24,1.5500555e-24,2.8579412e-25,1.2358803e-24,4.757696e-25,1.4674064e-24,1.3156402e-25,4.0206485e-25,2.7396417e-25,2.6583552e-25,7.068713e-27,4.490305e-24,3.4847105e-25,5.8964385e-25,1.3841999e-24,6.4497955e-23,2.5237174e-25,5.4010077e-25,4.974837e-25,4.8480157e-25,5.4386644e-25,2.359502e-23,2.195766e-25,4.543917e-25,3.3804418e-25,2.0582856e-26,4.252414e-25,4.903661e-25,4.2590857e-25,1.1956926e-24,7.621618e-25,2.5039402e-25,1.9440451e-23,4.7470247e-25,1.1713844e-24,5.862674e-25,1.440637e-25,5.122216e-25,4.29554e-25,3.5843483e-25,1.1121656e-25,6.148546e-26,1.7171634e-28,8.377119e-29,4.3346535e-28,9.145497e-25,1.3242391e-24,3.3923203e-25,6.999694e-26,1.5770444e-24,7.4951604e-26,1.7555325e-25,7.971337e-26,1.3964e-25,4.9501127e-26,1.3558633e-25,2.6846297e-25,1.4542497e-24,2.6107697e-25,8.350148e-25,2.9378724e-26,1.6352467e-26,1.0173908e-25,1.1408221e-24,2.679734e-25,1.9894909e-26,1.7976211e-24,1.7085603e-24,4.0718145e-25,8.379099e-25,9.411208e-25,4.321228e-25,2.0426338e-24,1.4497296e-24,2.3946466e-23,1.1286845e-24,5.187111e-25,2.6818608e-25,7.2474525e-25,3.523268e-24,1.3712868e-24,5.145234e-24,2.7368547e-24,2.9481376e-23,2.4534472e-23,1.210259e-24,9.550007e-25,6.0542447e-25,4.621291e-24,1.7187404e-24,4.2409048e-24,3.7813365e-25,7.8607194e-25,9.366033e-25,1.1423256e-24,9.59898e-23,2.1869009e-23,3.4563158e-23,1.0352934e-23,6.973238e-24,1.9403941e-23,9.752948e-24,1.8067286e-23,1.4899205e-23,5.1213868e-24,1.1683905e-24,5.843536e-24,2.3432894e-25,8.829223e-25,2.3846855e-23,2.2335517e-23,1.0037852e-23,1.2550588e-23,7.193544e-24,1.2611095e-23,2.7914906e-24,3.64747e-24,4.8890467e-24,7.1368025e-24,6.812162e-24,7.27697e-25,5.2746396e-24,4.82719e-25
50,3.58364e-26,1.5155087e-26,1.3878265e-26,1.9418563e-26,4.396537e-28,6.0581136e-27,6.8267827e-28,5.5181325e-27,7.9770154e-27,2.974123e-27,6.042419e-26,3.4752208e-27,2.7541045e-27,7.4813357e-29,4.0722855e-26,8.829464e-29,7.1582675e-29,8.5612874e-26,3.139477e-27,2.8199653e-27,6.9211417e-28,2.9252942e-27,6.4633395e-26,7.055524e-27,7.9624107e-28,2.0102194e-26,3.5977824e-27,3.2244292e-29,8.7616886e-27,1.0540957e-26,9.710546e-27,4.5219294e-27,1.4964901e-26,7.79843e-26,7.425218e-25,2.1993992e-25,7.7562855e-24,1.8808555e-23,5.2064986e-26,8.9914113e-26,2.1143825e-24,4.6486556e-26,1.5324566e-26,6.1071084e-26,4.7097295e-26,5.3219453e-26,5.7147776e-27,2.1912225e-24,4.6705236e-28,1.08471995e-26,1.2361071e-25,4.3092636e-27,1.2315666e-24,2.7527224e-27,5.0911653e-25,1.4320468e-25,1.5125872e-25,2.3212468e-26,5.4735347e-24,2.2524284e-26,3.6506557e-26,1.1952039e-25,1.4052007e-24,2.5820001e-26,1.4982363e-25,3.3412914e-25,3.248072e-26,2.1595568e-25,1.807578e-25,2.193069e-25,5.949382e-27,1.5315463e-26,1.0614336e-24,6.1585785e-26,2.0096811e-25,1.1809827e-25,8.868083e-26,6.4638207e-25,4.7504075e-25,5.460367e-25,5.1468096e-25,9.489515e-26,4.1036211e-25,1.5797465e-25,4.872379e-25,4.368456e-26,1.3350166e-25,9.09671e-26,8.8268093e-26,2.3470962e-27,1.4909621e-24,1.1570647e-25,1.9578542e-25,4.5961033e-25,2.1415934e-23,8.379759e-26,1.7933516e-25,1.6518464e-25,1.6097358e-25,1.8058547e-25,7.834501e-24,7.290829e-26,1.5087635e-25,1.1224422e-25,6.8343334e-27,1.4119725e-25,1.6282131e-25,1.414188e-25,3.9701816e-25,2.5306838e-25,8.314092e-26,6.455016e-24,1.576203e-25,3.889468e-25,1.9466435e-25,4.7834954e-26,1.7007819e-25,1.4262929e-25,1.190148e-25,3.6928385e-26,2.041564e-26,5.701672e-29,2.7815385e-29,1.4392797e-28,3.0366744e-25,4.397008e-25,1.1263866e-25,2.3241799e-26,5.2364257e-25,2.4886956e-26,5.829075e-26,2.6468037e-26,4.636611e-26,1.6436362e-26,4.5020125e-26,8.914047e-26,4.8286955e-25,8.6688023e-26,2.7725863e-25,9.754915e-27,5.4296734e-27,3.3781486e-26,3.787991e-25,8.897798e-26,6.605909e-27,5.9688293e-25,5.673111e-25,1.3520068e-25,2.7821993e-25,3.124901e-25,1.4348214e-25,6.7823677e-25,4.813688e-25,7.951195e-24,3.747687e-25,1.72233e-25,8.904858e-26,2.406446e-25,1.1698675e-24,4.553226e-25,1.708425e-24,9.08746e-25,9.789008e-24,8.1464364e-24,4.018548e-25,3.1709876e-25,2.0102525e-25,1.534455e-24,5.7069087e-25,1.4081512e-24,1.2555561e-25,2.610076e-25,3.1098995e-25,3.7929818e-25,3.187252e-23,7.261393e-24,1.1476363e-23,3.4375927e-24,2.3153967e-24,6.4428933e-24,3.2383736e-24,5.99907e-24,4.9471376e-24,1.7005076e-24,3.8795262e-25,1.9402906e-24,7.780663e-26,2.9316564e-25,7.91812e-24,7.416297e-24,3.3329724e-24,4.167303e-24,2.3885472e-24,4.1873936e-24,9.268878e-25,1.2111075e-24,1.6233611e-24,2.369707e-24,2.2619135e-24,2.416247e-25,1.7513935e-24,1.6028204e-25
51,1.1899127e-26,5.0321e-27,4.6081452e-27,6.447744e-27,1.4598272e-28,2.011538e-27,2.266767e-28,1.832242e-27,2.6486902e-27,9.875284e-28,2.0063269e-26,1.1539137e-27,9.144735e-28,2.4841048e-29,1.352163e-26,2.931737e-29,2.376834e-29,2.842693e-26,1.042433e-27,9.363418e-28,2.2980976e-28,9.713151e-28,2.1460892e-26,2.3427177e-27,2.6438403e-28,6.674738e-27,1.1946083e-27,1.0706407e-29,2.9092331e-27,3.500021e-27,3.224292e-27,1.5014631e-27,4.96895e-27,2.589394e-26,2.4654723e-25,7.302893e-26,2.5754007e-24,6.245203e-24,1.7287673e-26,2.98551e-26,7.020604e-25,1.543541e-26,5.088373e-27,2.0278076e-26,1.5638203e-26,1.7671004e-26,1.8975362e-27,7.275743e-25,1.5508016e-28,3.6017062e-27,4.1043727e-26,1.4308489e-27,4.0892986e-25,9.140148e-28,1.690472e-25,4.7549734e-26,5.0224e-26,7.707475e-27,1.817435e-24,7.4789715e-27,1.2121649e-26,3.9685583e-26,4.665833e-25,8.573281e-27,4.9747476e-26,1.1094434e-25,1.0784908e-26,7.1706014e-26,6.001889e-26,7.281871e-26,1.9754342e-27,5.0853506e-27,3.5243884e-25,2.044897e-26,6.67295e-26,3.9213388e-26,2.944561e-26,2.1462497e-25,1.5773269e-25,1.8130624e-25,1.708949e-25,3.150901e-26,1.362568e-25,5.245395e-26,1.6178259e-25,1.4505037e-26,4.432792e-26,3.0204738e-26,2.9308558e-26,7.793304e-28,4.950596e-25,3.8419227e-26,6.500864e-26,1.5260922e-25,7.110958e-24,2.7824178e-26,5.9546506e-26,5.4847964e-26,5.3449714e-26,5.996164e-26,2.601372e-24,2.4208503e-26,5.0097034e-26,3.7269595e-26,2.2692736e-27,4.6883175e-26,5.4063245e-26,4.6956736e-26,1.3182607e-25,8.40289e-26,2.7606147e-26,2.1433268e-24,5.233629e-26,1.2914602e-25,6.4636415e-26,1.5883137e-26,5.647281e-26,4.7358694e-26,3.951771e-26,1.2261714e-26,6.778814e-27,1.8931846e-29,9.235824e-30,4.7789902e-29,1.0082985e-25,1.4599844e-25,3.7400567e-26,7.717215e-27,1.738705e-25,8.263474e-27,1.935488e-26,8.788453e-27,1.539542e-26,5.457534e-27,1.4948498e-26,2.959822e-26,1.603322e-25,2.878391e-26,9.2061054e-26,3.239024e-27,1.80287e-27,1.1216818e-26,1.257766e-25,2.954428e-26,2.1934276e-27,1.9818922e-25,1.883702e-25,4.4892083e-26,9.238025e-26,1.0375933e-25,4.7641843e-26,2.25202e-25,1.5983389e-25,2.6401185e-24,1.2443832e-25,5.7188305e-26,2.956772e-26,7.9903696e-26,3.8844327e-25,1.511855e-25,5.67266e-25,3.017403e-25,3.2503467e-24,2.704946e-24,1.33432e-25,1.052896e-25,6.6748486e-26,5.0950095e-25,1.8949238e-25,4.67563e-25,4.1689524e-26,8.6665054e-26,1.032612e-25,1.2594231e-25,1.0582973e-23,2.411076e-24,3.8106167e-24,1.1414198e-24,7.688053e-25,2.1393008e-24,1.0752712e-24,1.9919341e-24,1.6426498e-24,5.6463735e-25,1.2881588e-25,6.44255e-25,2.583494e-26,9.734278e-26,2.629136e-24,2.4625106e-24,1.1066819e-24,1.3837132e-24,7.9309433e-25,1.3903841e-24,3.0776425e-25,4.021367e-25,5.390216e-25,7.868386e-25,7.5104686e-25,8.0229126e-26,5.8153357e-25,5.3220094e-26
52,3.95099e-27,1.6708604e-27,1.5300908e-27,2.1409113e-27,4.847215e-29,6.6791183e-28,7.526581e-29,6.0837806e-28,8.794719e-28,3.278992e-28,6.661816e-27,3.8314612e-28,3.036421e-28,8.24823e-30,4.4897275e-27,9.734548e-30,7.8920494e-30,9.438889e-27,3.4612986e-28,3.1090323e-28,7.6306097e-29,3.2251572e-28,7.125883e-27,7.7787685e-28,8.778616e-29,2.2162822e-27,3.9665815e-28,3.5549594e-30,9.659827e-28,1.1621481e-27,1.0705952e-27,4.9854637e-28,1.6498918e-27,8.597837e-27,8.186365e-26,2.4248547e-26,8.551374e-25,2.0736601e-24,5.740204e-27,9.913097e-27,2.3311247e-25,5.1251785e-27,1.689545e-27,6.733142e-27,5.1925144e-27,5.8674873e-27,6.3005835e-28,2.4158417e-25,5.1492867e-29,1.1959116e-27,1.3628171e-26,4.7509947e-28,1.3578123e-25,3.0348987e-28,5.61305e-26,1.5788433e-26,1.66764e-26,2.5591932e-27,6.0346193e-25,2.4833206e-27,4.024877e-27,1.3177213e-26,1.5492449e-25,2.8466755e-27,1.651817e-26,3.6838002e-26,3.5810244e-27,2.3809301e-26,1.9928703e-26,2.4178745e-26,6.5592383e-28,1.688542e-27,1.1702397e-25,6.7898845e-27,2.2156884e-26,1.302043e-26,9.7771305e-27,7.126416e-26,5.2373616e-26,6.020101e-26,5.674403e-26,1.0462264e-26,4.5242775e-26,1.7416829e-26,5.3718346e-26,4.8162585e-27,1.4718658e-26,1.0029191e-26,9.7316254e-27,2.587691e-28,1.643798e-25,1.27567375e-26,2.1585487e-26,5.0672434e-26,2.3611262e-24,9.238749e-27,1.9771845e-26,1.8211741e-26,1.7747463e-26,1.9909683e-26,8.637607e-25,8.038202e-27,1.6634235e-26,1.2375008e-26,7.534903e-28,1.5567107e-26,1.795118e-26,1.5591532e-26,4.3771584e-26,2.7900987e-26,9.166357e-27,7.116711e-25,1.7377761e-26,4.2881693e-26,2.1461898e-26,5.273843e-27,1.8751253e-26,1.5725002e-26,1.3121475e-26,4.071385e-27,2.2508397e-27,6.286136e-30,3.0666652e-30,1.5868176e-29,3.347959e-26,4.847739e-26,1.2418497e-26,2.5624267e-27,5.7732046e-26,2.7438075e-27,6.4266017e-27,2.9181209e-27,5.111902e-27,1.8121212e-27,4.963505e-27,9.8278025e-27,5.323677e-26,9.557418e-27,3.0567993e-26,1.0754867e-27,5.9862544e-28,3.724437e-27,4.176292e-26,9.809897e-27,7.2830635e-28,6.580684e-26,6.2546526e-26,1.4905987e-26,3.067398e-26,3.4452298e-26,1.5819012e-26,7.477617e-26,5.307132e-26,8.766263e-25,4.1318544e-26,1.8988828e-26,9.8176775e-27,2.6531253e-26,1.289789e-25,5.01997e-26,1.8835523e-25,1.0018997e-25,1.0792468e-24,8.981517e-25,4.4304817e-26,3.4960405e-26,2.216319e-26,1.6917488e-25,6.2919127e-26,1.552498e-25,1.3842606e-26,2.87763e-26,3.428689e-26,4.181794e-26,3.5139774e-24,8.0057485e-25,1.265279e-24,3.7899757e-25,2.5527448e-25,7.103345e-25,3.570336e-25,6.614028e-25,5.4542627e-25,1.8748252e-25,4.2772072e-26,2.1391876e-25,8.5782445e-27,3.2321727e-26,8.729797e-25,8.176534e-25,3.6746314e-25,4.5944876e-25,2.6333945e-25,4.6166383e-25,1.02190194e-25,1.3352569e-25,1.7897701e-25,2.6126228e-25,2.49378e-25,2.6639315e-26,1.930927e-25,1.7671216e-26
53,1.3118884e-27,5.5479315e-28,5.080521e-28,7.10869e-28,1.6094712e-29,2.2177372e-28,2.499129e-29,2.020061e-28,2.9202016e-28,1.0887576e-28,2.2119926e-27,1.2722002e-28,1.00821446e-28,2.7387455e-30,1.4907711e-27,3.232263e-30,2.6204797e-30,3.1340928e-27,1.1492911e-28,1.0323241e-28,2.5336704e-29,1.0708824e-28,2.3660814e-27,2.5828651e-28,2.914855e-29,7.358953e-28,1.317065e-28,1.1803903e-30,3.2074524e-28,3.8588005e-28,3.5548083e-28,1.6553753e-28,5.4783072e-28,2.8548298e-27,2.7182048e-26,8.051497e-27,2.8394025e-25,6.8853934e-25,1.9059798e-27,3.2915483e-27,7.740278e-26,1.7017663e-27,5.609972e-28,2.2356763e-27,1.7241248e-27,1.948243e-27,2.0920481e-28,8.0215716e-26,1.7097711e-29,3.9709093e-28,4.525103e-27,1.5775221e-28,4.508486e-26,1.007709e-28,1.8637595e-26,5.2423983e-27,5.537239e-27,8.497555e-28,2.0037385e-25,8.245628e-28,1.3364219e-27,4.375367e-27,5.14412e-26,9.452114e-28,5.4847e-27,1.2231704e-26,1.1890449e-27,7.905653e-27,6.617136e-27,8.028319e-27,2.177932e-28,5.6066416e-28,3.8856694e-26,2.2545163e-27,7.35698e-27,4.3233094e-27,3.2464026e-27,2.3662587e-26,1.739016e-26,1.9989171e-26,1.8841314e-26,3.4738946e-27,1.5022432e-26,5.7830908e-27,1.7836658e-26,1.5991928e-27,4.8871886e-27,3.3300962e-27,3.231292e-27,8.592179e-29,5.458074e-26,4.2357536e-27,7.167254e-27,1.6825301e-26,7.839897e-25,3.0676387e-27,6.565052e-27,6.047034e-27,5.8928734e-27,6.6108185e-27,2.8680352e-25,2.6690084e-27,5.5232397e-27,4.109002e-27,2.501892e-28,5.1689086e-27,5.9605182e-27,5.177019e-27,1.4533936e-26,9.264256e-27,3.0436018e-27,2.3630368e-25,5.770119e-27,1.4238456e-26,7.126217e-27,1.751129e-27,6.226174e-27,5.2213363e-27,4.3568603e-27,1.3518645e-27,7.4736973e-28,2.0872512e-30,1.0182566e-30,5.268877e-30,1.11165786e-26,1.6096454e-26,4.1234426e-27,8.508293e-28,1.9169377e-26,9.110552e-28,2.1338917e-27,9.689339e-28,1.6973585e-27,6.016974e-28,1.6480845e-27,3.2632275e-27,1.7676761e-26,3.1734482e-27,1.014981e-26,3.5710497e-28,1.9876779e-28,1.2366637e-27,1.386698e-26,3.2572826e-27,2.4182713e-28,2.1850536e-26,2.0767977e-26,4.949391e-27,1.0185004e-26,1.1439556e-26,5.2525502e-27,2.4828714e-26,1.7621828e-26,2.910754e-25,1.3719425e-26,6.3050594e-27,3.259866e-27,8.809448e-27,4.282621e-26,1.666833e-26,6.254155e-26,3.326712e-26,3.5835367e-25,2.982227e-25,1.4710992e-26,1.1608269e-26,7.3590746e-27,5.617291e-26,2.0891693e-26,5.1549213e-26,4.596305e-27,9.554897e-27,1.13846326e-26,1.3885246e-26,1.1667831e-24,2.6582325e-25,4.2012385e-25,1.2584254e-25,8.4761465e-26,2.3585982e-25,1.1854962e-25,2.1961254e-25,1.8110358e-25,6.225179e-26,1.4202055e-26,7.10297e-26,2.8483237e-27,1.07321175e-26,2.898646e-25,2.7149405e-25,1.2201265e-25,1.5255559e-25,8.743935e-26,1.5329109e-25,3.3931283e-26,4.4335933e-26,5.9427616e-26,8.6749666e-26,8.2803586e-26,8.845329e-27,6.4114596e-26,5.8675567e-27
54,4.3559995e-28,1.8421378e-28,1.6869388e-28,2.360373e-28,5.3440956e-30,7.363785e-29,8.298119e-30,6.707418e-29,9.69625e-29,3.615115e-29,7.344711e-28,4.2242192e-29,3.3476794e-29,9.093743e-31,4.9499635e-28,1.0732419e-30,8.701053e-31,1.0406455e-27,3.816112e-29,3.427733e-29,8.41281e-30,3.5557623e-29,7.8563473e-28,8.5761564e-29,9.678496e-30,2.44347e-28,4.373188e-29,3.9193732e-31,1.0650039e-28,1.2812776e-28,1.1803402e-28,5.4965156e-29,1.8190195e-28,9.479192e-28,9.0255394e-27,2.673423e-27,9.427967e-26,2.286229e-25,6.328624e-28,1.0929271e-27,2.5700854e-26,5.650553e-28,1.8627374e-28,7.4233516e-28,5.724792e-28,6.468955e-28,6.946446e-29,2.663487e-26,5.6771307e-30,1.3185024e-28,1.502517e-27,5.238011e-29,1.4970004e-26,3.3460017e-29,6.188436e-27,1.740688e-27,1.8385875e-27,2.8215324e-28,6.6532227e-26,2.7378825e-28,4.43746e-28,1.4527988e-27,1.7080558e-26,3.1384841e-28,1.8211422e-27,4.0614207e-27,3.9481097e-28,2.6249965e-27,2.197157e-27,2.6657264e-27,7.231615e-29,1.8616314e-28,1.2901996e-26,7.4859067e-28,2.4428149e-27,1.4355136e-27,1.0779369e-27,7.856937e-27,5.7742365e-27,6.637215e-27,6.256079e-27,1.1534736e-27,4.9880565e-27,1.92022e-27,5.9224934e-27,5.309967e-28,1.622744e-27,1.1057266e-27,1.0729197e-27,2.8529507e-29,1.8123013e-26,1.4064418e-27,2.379818e-27,5.5866817e-27,2.603163e-25,1.01858e-27,2.1798628e-27,2.0078602e-27,1.9566726e-27,2.195059e-27,9.523039e-26,8.86219e-28,1.8339392e-27,1.3643547e-27,8.307293e-29,1.7162867e-27,1.9791332e-27,1.7189797e-27,4.825856e-27,3.0761076e-27,1.010599e-27,7.846239e-26,1.915913e-27,4.727744e-27,2.3661925e-27,5.814458e-28,2.067342e-27,1.7336952e-27,1.4466537e-27,4.4887375e-28,2.4815696e-28,6.930518e-31,3.381023e-31,1.7494805e-30,3.6911545e-27,5.3446744e-27,1.3691496e-27,2.8250975e-28,6.365009e-27,3.0250716e-28,7.0853836e-28,3.2172525e-28,5.6359167e-28,1.9978787e-28,5.472308e-28,1.0835233e-27,5.8694005e-27,1.0537131e-27,3.370148e-27,1.1857328e-28,6.5998935e-29,4.1062247e-28,4.6043997e-27,1.0815497e-27,8.0296377e-29,7.255263e-27,6.895811e-27,1.6433983e-27,3.381834e-27,3.7983965e-27,1.744059e-27,8.244138e-27,5.8511593e-27,9.664884e-26,4.555405e-27,2.0935348e-27,1.0824075e-27,2.9250932e-27,1.4220037e-26,5.5345614e-27,2.0766326e-26,1.10460294e-26,1.1898793e-25,9.902202e-26,4.884645e-27,3.8544152e-27,2.4435101e-27,1.865168e-26,6.936887e-27,1.7116424e-26,1.5261594e-27,3.1726125e-27,3.7801583e-27,4.6104637e-27,3.8741935e-25,8.826409e-26,1.3949812e-25,4.178482e-26,2.814424e-26,7.8315005e-26,3.9363275e-26,7.2920274e-26,6.013372e-26,2.0670114e-26,4.715657e-27,2.3584738e-26,9.457587e-28,3.563497e-27,9.62468e-26,9.014703e-26,4.0513144e-26,5.0654635e-26,2.9033412e-26,5.0898853e-26,1.1266561e-26,1.4721328e-26,1.9732376e-26,2.880441e-26,2.7494148e-26,2.9370068e-27,2.1288644e-26,1.9482661e-27
55,1.4463681e-28,6.116644e-29,5.6013205e-29,7.8373926e-29,1.774456e-30,2.4450744e-29,2.7553114e-30,2.227134e-29,3.2195473e-29,1.2003643e-29,2.4387415e-28,1.402612e-29,1.11156506e-29,3.0194905e-31,1.6435881e-28,3.563597e-31,2.889102e-31,3.4553648e-28,1.2671036e-29,1.13814606e-29,2.7933932e-30,1.18065675e-29,2.6086254e-28,2.8476313e-29,3.2136522e-30,8.1133085e-29,1.4520753e-29,1.3013907e-31,3.5362436e-29,4.25436e-29,3.9192073e-29,1.8250658e-29,6.0398806e-29,3.1474756e-28,2.9968452e-27,8.876847e-28,3.130467e-26,7.5912085e-26,2.101359e-28,3.6289602e-28,8.533725e-27,1.8762122e-28,6.185042e-29,2.4648538e-28,1.9008625e-28,2.147955e-28,2.3065009e-29,8.843854e-27,1.885037e-30,4.3779608e-29,4.9889646e-28,1.7392315e-29,4.9706488e-27,1.1110081e-29,2.0548113e-27,5.7797894e-28,6.104855e-28,9.368629e-29,2.20914e-26,9.090878e-29,1.473417e-28,4.8238787e-28,5.6714365e-27,1.0421037e-28,6.0469284e-28,1.348556e-27,1.3109324e-28,8.71605e-28,7.295453e-28,8.85129e-28,2.4011888e-29,6.18137e-29,4.2839854e-27,2.4856242e-28,8.111133e-28,4.766487e-28,3.5791867e-28,2.6088216e-27,1.9172804e-27,2.2038247e-27,2.0772716e-27,3.8299984e-28,1.6562368e-27,6.3759076e-28,1.9665076e-27,1.7631243e-28,5.3881665e-28,3.67146e-28,3.5625277e-28,9.4729505e-30,6.017575e-27,4.6699564e-28,7.9019586e-28,1.8550045e-27,8.6435563e-26,3.382098e-28,7.2380275e-28,6.666908e-28,6.4969446e-28,7.288484e-28,3.162035e-26,2.9426057e-28,6.0894197e-28,4.5302095e-28,2.7583572e-29,5.6987665e-28,6.5715243e-28,5.707708e-28,1.6023796e-27,1.0213923e-27,3.355598e-28,2.6052692e-26,6.361606e-28,1.5698021e-27,7.856717e-28,1.9306355e-28,6.8644115e-28,5.7565714e-28,4.8034763e-28,1.4904426e-28,8.2398156e-29,2.3012122e-31,1.1226362e-31,5.8089828e-31,1.2256127e-27,1.7746483e-27,4.5461307e-28,9.380467e-29,2.113441e-27,1.0044464e-28,2.3526344e-28,1.068258e-28,1.8713526e-28,6.633766e-29,1.8170278e-28,3.5977356e-28,1.9488786e-27,3.4987544e-28,1.1190256e-27,3.937113e-29,2.1914317e-29,1.363433e-28,1.528847e-27,3.591183e-28,2.6661647e-29,2.4090414e-27,2.2896884e-27,5.4567474e-28,1.12290575e-27,1.2612215e-27,5.7909815e-28,2.7373878e-27,1.942822e-27,3.209133e-26,1.5125787e-27,6.951384e-28,3.5940308e-28,9.712493e-28,4.7216287e-27,1.8376985e-27,6.8952606e-27,3.667729e-27,3.9508817e-26,3.2879322e-26,1.6219e-27,1.2798219e-27,8.113443e-28,6.193112e-27,2.303327e-27,5.6833457e-27,5.067467e-28,1.0534357e-27,1.2551657e-27,1.5308607e-27,1.2863894e-25,2.9307255e-26,4.6319034e-26,1.3874254e-26,9.345028e-27,2.6003755e-26,1.3070202e-26,2.4212485e-26,1.9966834e-26,6.863316e-27,1.565789e-27,7.8310885e-27,3.140302e-28,1.1832251e-27,3.195784e-26,2.9932467e-26,1.3452006e-26,1.6819393e-26,9.6402685e-27,1.6900485e-26,3.7409544e-27,4.888077e-27,6.551949e-27,9.5642305e-27,9.1291714e-27,9.752052e-28,7.068693e-27,6.469032e-28
56,4.8025284e-29,2.0309733e-29,1.8598653e-29,2.6023316e-29,5.891912e-31,8.118638e-30,9.148749e-31,7.394987e-30,1.0690199e-29,3.985695e-30,8.09761e-29,4.6572405e-30,3.6908458e-30,1.002593e-31,5.457379e-29,1.1832583e-31,9.5929896e-32,1.147321e-28,4.2072974e-30,3.7791056e-30,9.275196e-31,3.920258e-30,8.6616936e-29,9.455288e-30,1.0670625e-30,2.6939466e-29,4.8214776e-30,4.3211446e-32,1.1741761e-29,1.4126198e-29,1.3013355e-29,6.059957e-30,2.005485e-29,1.0450896e-28,9.950739e-28,2.9474726e-28,1.0394419e-26,2.5205892e-26,6.977363e-29,1.2049617e-28,2.8335427e-27,6.229784e-29,2.0536846e-29,8.1843133e-29,6.3116335e-29,7.13208e-29,7.658517e-30,2.9365187e-27,6.259086e-31,1.4536603e-29,1.6565381e-28,5.7749525e-30,1.6504563e-27,3.6889966e-30,6.822805e-28,1.9191244e-28,2.027059e-28,3.1107642e-29,7.335239e-27,3.0185395e-29,4.8923402e-29,1.6017232e-28,1.8831468e-27,3.4602064e-29,2.0078252e-28,4.477752e-28,4.3528262e-29,2.8940831e-28,2.4223856e-28,2.9389862e-28,7.972919e-30,2.0524652e-29,1.4224568e-27,8.2532797e-29,2.6932245e-28,1.5826668e-28,1.188435e-28,8.662344e-28,6.366147e-28,7.3175915e-28,6.897385e-28,1.2717148e-28,5.4993774e-28,2.117059e-28,6.5296e-28,5.8542866e-29,1.7890896e-28,1.2190733e-28,1.1829034e-28,3.1454034e-30,1.9980784e-27,1.5506148e-28,2.6237702e-28,6.1593666e-28,2.870012e-26,1.1229933e-28,2.4033181e-28,2.2136836e-28,2.1572486e-28,2.4200716e-28,1.0499239e-26,9.770642e-29,2.0219342e-28,1.504213e-28,9.158862e-30,1.8922211e-28,2.1820122e-28,1.8951904e-28,5.320549e-28,3.391436e-28,1.1141945e-28,8.65055e-27,2.1123109e-28,5.212379e-28,2.608748e-28,6.4104915e-29,2.2792625e-28,1.9114148e-28,1.5949485e-28,4.9488732e-29,2.7359523e-29,7.640956e-32,3.727607e-32,1.9288179e-31,4.0695304e-28,5.892551e-28,1.5094996e-28,3.114695e-29,7.017481e-28,3.335169e-29,7.811699e-29,3.5470487e-29,6.213649e-29,2.2026789e-29,6.033268e-29,1.1945939e-28,6.471067e-28,1.161728e-28,3.715618e-28,1.3072808e-29,7.2764394e-30,4.5271493e-29,5.076392e-28,1.1924182e-28,8.852746e-30,7.9989932e-28,7.602693e-28,1.8118614e-28,3.7285021e-28,4.1877657e-28,1.9228404e-28,9.089236e-28,6.4509568e-28,1.06556234e-26,5.022374e-28,2.308141e-28,1.193364e-28,3.2249415e-28,1.5677721e-27,6.1019036e-28,2.289506e-27,1.21783455e-27,1.3118527e-26,1.0917268e-26,5.3853643e-28,4.249527e-28,2.6939915e-28,2.0563641e-27,7.647979e-28,1.8871009e-27,1.6826042e-28,3.4978335e-28,4.1676585e-28,5.0830775e-28,4.2713354e-26,9.731196e-27,1.5379796e-26,4.6068144e-27,3.1029281e-27,8.6343014e-27,4.339837e-27,8.039526e-27,6.629799e-27,2.2788994e-27,5.1990537e-28,2.6002388e-27,1.0427074e-28,3.9287863e-28,1.0611297e-26,9.9387915e-27,4.4666117e-27,5.5847192e-27,3.2009599e-27,5.611646e-27,1.2421485e-27,1.6230397e-27,2.1755127e-27,3.1757121e-27,3.0312547e-27,3.238076e-28,2.3470927e-27,2.1479805e-28
57,1.5946337e-29,6.7436535e-30,6.1755068e-30,8.640795e-30,1.9563536e-31,2.6957168e-30,3.0377555e-31,2.455435e-30,3.549579e-30,1.3234122e-30,2.6887348e-29,1.5463928e-30,1.2255103e-30,3.329015e-32,1.8120708e-29,3.928897e-32,3.185261e-32,3.8095707e-29,1.3969931e-30,1.25481605e-30,3.0797411e-31,1.3016844e-30,2.8760333e-29,3.1395383e-30,3.54308e-31,8.9449944e-30,1.6009257e-30,1.434795e-32,3.8987397e-30,4.6904692e-30,4.3209604e-30,2.0121514e-30,6.659022e-30,3.470121e-29,3.304049e-28,9.7868026e-29,3.4513685e-27,8.369376e-27,2.3167673e-29,4.0009606e-29,9.408511e-28,2.0685405e-29,6.819064e-30,2.717524e-29,2.0957181e-29,2.3681397e-29,2.5429377e-30,9.750432e-28,2.07827e-31,4.8267404e-30,5.500377e-29,1.9175183e-30,5.480184e-28,1.2248963e-30,2.2654478e-28,6.372271e-29,6.730658e-29,1.0328998e-29,2.4355967e-27,1.0022774e-29,1.6244553e-29,5.31837e-29,6.25281e-28,1.1489288e-29,6.6667925e-29,1.4867952e-28,1.4453147e-29,9.609526e-29,8.0433016e-29,9.758625e-29,2.6473316e-30,6.815017e-30,4.7231333e-28,2.7404232e-29,8.942597e-29,5.255095e-29,3.9460857e-29,2.8762493e-28,2.1138186e-28,2.429737e-28,2.2902112e-28,4.2226086e-29,1.8260163e-28,7.029495e-29,2.1680918e-28,1.9438605e-29,5.940502e-29,4.047817e-29,3.927719e-29,1.04440115e-30,6.6344305e-28,5.14867e-29,8.711979e-29,2.0451595e-28,9.529602e-27,3.7287936e-29,7.9799896e-29,7.350326e-29,7.16294e-29,8.0356177e-29,3.4861724e-27,3.2442498e-29,6.713641e-29,4.9945963e-29,3.0411132e-30,6.2829414e-29,7.245165e-29,6.2928004e-29,1.766638e-28,1.1260941e-28,3.6995772e-29,2.8723333e-27,7.0137277e-29,1.7307212e-28,8.6621004e-29,2.128543e-29,7.5680753e-29,6.346672e-29,5.2958746e-29,1.6432266e-29,9.084469e-30,2.537107e-32,1.2377164e-32,6.4044565e-32,1.3512493e-28,1.956566e-28,5.01215e-29,1.0342049e-29,2.330088e-28,1.1074112e-29,2.5938006e-29,1.1777638e-29,2.0631833e-29,7.313785e-30,2.0032897e-29,3.9665355e-29,2.1486565e-28,3.8574072e-29,1.2337358e-28,4.3407015e-30,2.4160725e-30,1.503197e-29,1.6855679e-28,3.9593117e-29,2.9394701e-30,2.6559898e-28,2.5244026e-28,6.016114e-29,1.2380138e-28,1.390508e-28,6.3846094e-29,3.0179948e-28,2.141979e-28,3.538098e-27,1.6676314e-28,7.663964e-29,3.9624516e-29,1.0708112e-28,5.205639e-28,2.0260793e-28,7.6020875e-28,4.043704e-28,4.355883e-27,3.6249753e-27,1.7881593e-28,1.4110152e-28,8.945143e-29,6.8279624e-28,2.5394388e-28,6.26594e-28,5.586928e-29,1.1614224e-28,1.3838312e-28,1.6877875e-28,1.4182565e-26,3.2311517e-27,5.1067157e-27,1.5296492e-27,1.0302979e-27,2.8669376e-27,1.4410018e-27,2.6694489e-27,2.2013618e-27,7.5668695e-28,1.7262964e-28,8.633847e-28,3.462211e-29,1.3045161e-28,3.523381e-27,3.3000817e-27,1.4830962e-27,1.8543535e-27,1.0628485e-27,1.8632937e-27,4.1244368e-28,5.38915e-28,7.223583e-28,1.0544651e-27,1.0064994e-27,1.0751724e-28,7.7932986e-28,7.132165e-29
58,5.29483e-30,2.2391659e-30,2.0505186e-30,2.8690934e-30,6.495886e-32,8.950871e-31,1.0086578e-31,8.153039e-31,1.178604e-30,4.3942645e-31,8.927689e-30,5.134649e-31,4.069191e-31,1.1053679e-32,6.016809e-30,1.3045529e-32,1.0576358e-32,1.2649318e-29,4.6385835e-31,4.166498e-31,1.0225987e-31,4.3221197e-31,9.549595e-30,1.0424539e-30,1.176446e-31,2.9701005e-30,5.3157223e-31,4.764101e-33,1.2945396e-30,1.5574258e-30,1.4347342e-30,6.681158e-31,2.211065e-30,1.1522208e-29,1.0970781e-28,3.249615e-29,1.1459945e-27,2.7789723e-27,7.6926066e-30,1.328481e-29,3.124007e-28,6.868393e-30,2.2642058e-30,9.023281e-30,6.958633e-30,7.863184e-30,8.4435825e-31,3.2375388e-28,6.9006984e-32,1.6026733e-30,1.8263481e-29,6.3669373e-31,1.8196435e-28,4.067152e-31,7.5222045e-29,2.115852e-29,2.2348509e-29,3.4296453e-30,8.087169e-28,3.327967e-30,5.3938497e-30,1.7659144e-29,2.0761864e-28,3.814909e-30,2.2136452e-29,4.9367624e-29,4.79903e-30,3.1907528e-29,2.670702e-29,3.240259e-29,8.790214e-31,2.2628614e-30,1.5682715e-28,9.099316e-30,2.9693043e-29,1.7449043e-29,1.3102602e-29,9.550312e-29,7.018735e-29,8.0677103e-29,7.604429e-29,1.4020765e-29,6.063114e-29,2.3340774e-29,7.198943e-29,6.4544044e-30,1.9724873e-29,1.3440393e-29,1.3041618e-29,3.4678348e-31,2.2028999e-28,1.709567e-29,2.8927302e-29,6.7907586e-29,3.1642143e-27,1.2381105e-29,2.64968e-29,2.4406064e-29,2.378386e-29,2.6681508e-29,1.1575505e-27,1.0772223e-29,2.2292009e-29,1.6584082e-29,1.0097728e-30,2.0861912e-29,2.4056883e-29,2.0894646e-29,5.865953e-29,3.739089e-29,1.22840965e-29,9.537311e-28,2.3288419e-29,5.746695e-29,2.876168e-29,7.067626e-30,2.5129075e-29,2.1073521e-29,1.7584452e-29,5.4561783e-30,3.0164122e-30,8.4242236e-33,4.1097196e-33,2.1265392e-32,4.4866948e-29,6.496592e-29,1.6642368e-29,3.4339794e-30,7.7368373e-29,3.6770547e-30,8.612468e-30,3.9106534e-30,6.850605e-30,2.428473e-30,6.651733e-30,1.3170507e-29,7.13441e-29,1.2808153e-29,4.096503e-29,1.4412887e-30,8.02234e-31,4.9912235e-30,5.5967687e-29,1.314652e-29,9.760231e-31,8.818963e-29,8.3820383e-29,1.9975938e-29,4.1107076e-29,4.6170508e-29,2.1199487e-29,1.0020966e-28,7.112239e-29,1.1747921e-27,5.537213e-29,2.5447463e-29,1.3156945e-29,3.555527e-29,1.728483e-28,6.727405e-29,2.524201e-28,1.3426736e-28,1.4463298e-27,1.2036388e-27,5.9374133e-29,4.6851427e-29,2.9701496e-29,2.2671602e-28,8.4319656e-29,2.0805458e-28,1.8550864e-29,3.856393e-29,4.5948816e-29,5.6041396e-29,4.7091864e-27,1.0728732e-27,1.6956365e-27,5.079055e-28,3.4210067e-28,9.519395e-28,4.78471e-28,8.8636525e-28,7.3094135e-28,2.5125073e-28,5.732003e-29,2.8667872e-28,1.14959435e-29,4.331522e-29,1.1699054e-27,1.095761e-27,4.92448e-28,6.1572053e-28,3.529088e-28,6.1868906e-28,1.3694802e-28,1.7894162e-28,2.398522e-28,3.501252e-28,3.3419863e-28,3.570008e-29,2.587691e-28,2.3681677e-29
59,1.7580981e-30,7.4349406e-31,6.808553e-31,9.526555e-31,2.1568974e-32,2.972052e-31,3.3491527e-32,2.707139e-31,3.9134426e-31,1.4590737e-31,2.9643549e-30,1.7049122e-31,1.3511362e-31,3.670269e-33,1.9978247e-30,4.3316445e-33,3.51178e-33,4.200086e-30,1.5401978e-31,1.3834462e-31,3.395442e-32,1.4351189e-31,3.1708526e-30,3.4613696e-31,3.9062773e-32,9.861938e-31,1.7650351e-31,1.5818745e-33,4.298396e-31,5.1712846e-31,4.7638987e-31,2.2184153e-31,7.3416323e-31,3.82584e-30,3.6427442e-29,1.0790037e-29,3.805166e-28,9.227316e-28,2.554257e-30,4.4110954e-30,1.0372968e-28,2.2805849e-30,7.51808e-31,2.9960951e-30,2.3105483e-30,2.6108958e-30,2.8036116e-31,1.0749939e-28,2.2913114e-32,5.321525e-31,6.064216e-30,2.1140812e-31,6.0419546e-29,1.3504594e-31,2.4976769e-29,7.025486e-30,7.420611e-30,1.1387814e-30,2.6852678e-28,1.1050201e-30,1.7909766e-30,5.863551e-30,6.89378e-29,1.2667043e-30,7.3501995e-30,1.6392052e-29,1.5934725e-30,1.0594592e-29,8.8678135e-30,1.0758973e-29,2.9187073e-31,7.5136174e-31,5.207298e-29,3.021342e-30,9.859294e-30,5.7937905e-30,4.3505952e-30,3.1710912e-29,2.330504e-29,2.6788076e-29,2.524979e-29,4.655464e-30,2.0131995e-29,7.750082e-30,2.3903409e-29,2.143124e-30,6.5494565e-30,4.4627547e-30,4.330345e-30,1.1514617e-31,7.3145194e-29,5.676456e-30,9.605037e-30,2.2548073e-29,1.0506475e-27,4.1110295e-30,8.798011e-30,8.1038024e-30,7.897206e-30,8.859341e-30,3.8435372e-28,3.5768153e-30,7.4018506e-30,5.5065873e-30,3.3528548e-31,6.927e-30,7.98786e-30,6.937869e-30,1.9477343e-29,1.2415289e-29,4.0788183e-30,3.1667736e-28,7.732698e-30,1.9081357e-29,9.550044e-30,2.3467381e-30,8.3438726e-30,6.9972646e-30,5.838749e-30,1.8116723e-30,1.001571e-30,2.7971836e-33,1.3645935e-33,7.060973e-33,1.4897646e-29,2.157132e-29,5.5259414e-30,1.1402203e-30,2.5689435e-29,1.2209311e-30,2.8596889e-30,1.2984953e-30,2.2746784e-30,8.063514e-31,2.2086452e-30,4.3731414e-30,2.3689132e-29,4.2528265e-30,1.3602052e-29,4.7856627e-31,2.6637421e-31,1.6572885e-30,1.8583539e-29,4.3651774e-30,3.2407926e-31,2.9282534e-29,2.783177e-29,6.632821e-30,1.3649216e-29,1.5330479e-29,7.039089e-30,3.327367e-29,2.3615515e-29,3.9007862e-28,1.8385791e-29,8.4495896e-30,4.3686388e-30,1.18057896e-29,5.739265e-29,2.233771e-29,8.3813715e-29,4.458221e-29,4.802401e-28,3.9965687e-28,1.9714616e-29,1.5556573e-29,9.862102e-30,7.527891e-29,2.7997545e-29,6.9082553e-29,6.159639e-30,1.2804789e-29,1.5256866e-29,1.8608013e-29,1.5636409e-27,3.562374e-28,5.6302005e-28,1.6864522e-28,1.1359129e-28,3.160825e-28,1.5887178e-28,2.9430918e-28,2.4270213e-28,8.342544e-29,1.9032574e-29,9.5188955e-29,3.817119e-30,1.4382408e-29,3.8845598e-28,3.6383708e-28,1.6351272e-28,2.0444418e-28,1.1718002e-28,2.0542985e-28,4.5472292e-29,5.941587e-29,7.964067e-29,1.1625576e-28,1.109675e-28,1.18538746e-29,8.5921826e-29,7.863277e-30
